{
    "latFeature_0": [
        0.01928496512164736,
        0.1758843182248432
    ],
    "latFeature_1": [
        0.023030246365725503,
        0.19952220500827034
    ],
    "latFeature_10": [
        0.07658498109941088,
        0.24512915757376635
    ],
    "latFeature_11": [
        0.024136948961545463,
        0.18808758989350635
    ],
    "latFeature_12": [
        0.0491173615448608,
        0.24814700701110937
    ],
    "latFeature_13": [
        0.04275727448229986,
        0.14988960901142434
    ],
    "latFeature_14": [
        0.05550880383504146,
        0.16104869564800767
    ],
    "latFeature_15": [
        0.032207930576878985,
        0.2243311615252362
    ],
    "latFeature_16": [
        0.09307607484124368,
        0.14577969767797844
    ],
    "latFeature_17": [
        0.04070602002563427,
        0.1752719301854717
    ],
    "latFeature_18": [
        0.05350886656974755,
        0.16367277521426055
    ],
    "latFeature_19": [
        0.0376348593691123,
        0.22502345360835865
    ],
    "latFeature_2": [
        0.26276713803510077,
        0.2636023873278492
    ],
    "latFeature_20": [
        0.07538731065919775,
        0.24396654696808567
    ],
    "latFeature_21": [
        0.06125346161610013,
        0.1747761768978738
    ],
    "latFeature_22": [
        0.025715367379177814,
        0.1785871404490578
    ],
    "latFeature_23": [
        0.02549864631166013,
        0.14161589454851112
    ],
    "latFeature_24": [
        0.04613161287822637,
        0.1689376550292626
    ],
    "latFeature_25": [
        0.028482221934155717,
        0.16803365016804003
    ],
    "latFeature_26": [
        0.10579124518445154,
        0.34142859219448296
    ],
    "latFeature_27": [
        0.059457281326489204,
        0.19674313634259877
    ],
    "latFeature_28": [
        0.03797326590730545,
        0.11955806089216739
    ],
    "latFeature_29": [
        0.0815347918667256,
        0.18730147374321326
    ],
    "latFeature_3": [
        0.05739225483261207,
        0.17113066561415305
    ],
    "latFeature_30": [
        0.1273294123984254,
        0.2597398618718525
    ],
    "latFeature_31": [
        0.1361795468399075,
        0.3608979340971558
    ],
    "latFeature_32": [
        0.03859137410643943,
        0.23196348131317535
    ],
    "latFeature_33": [
        0.16499090225552027,
        0.2139612651137148
    ],
    "latFeature_34": [
        0.038245585445768567,
        0.13247982680185552
    ],
    "latFeature_35": [
        0.01832570179750715,
        0.16742329630705252
    ],
    "latFeature_36": [
        0.03746945611443983,
        0.24736995269514256
    ],
    "latFeature_37": [
        0.09339324258627307,
        0.16944389410621707
    ],
    "latFeature_38": [
        0.12740803030390407,
        0.17017254635748202
    ],
    "latFeature_39": [
        0.04036134691951604,
        0.13654591715271638
    ],
    "latFeature_4": [
        0.02317270460571235,
        0.1301577466399779
    ],
    "latFeature_40": [
        0.0463561016055177,
        0.19887894446946333
    ],
    "latFeature_41": [
        0.05410967176991229,
        0.14251294031427628
    ],
    "latFeature_42": [
        0.04786622722414429,
        0.20203411165786547
    ],
    "latFeature_43": [
        0.030638547104050853,
        0.2253705491310738
    ],
    "latFeature_44": [
        0.04975507990379263,
        0.20461812606670482
    ],
    "latFeature_45": [
        0.0629062143666915,
        0.14055748006377358
    ],
    "latFeature_46": [
        0.03225345508070286,
        0.13865706284661883
    ],
    "latFeature_47": [
        0.041995039265528056,
        0.12771011945806737
    ],
    "latFeature_5": [
        0.011575758294277098,
        0.12687982490091926
    ],
    "latFeature_6": [
        0.01769056298090355,
        0.2232694698934972
    ],
    "latFeature_7": [
        0.028333587450724028,
        0.1679580005839926
    ],
    "latFeature_8": [
        0.024493358874641227,
        0.13888874407548352
    ],
    "latFeature_9": [
        0.051527445302203885,
        0.18454552107027747
    ]
}