{
    "latFeature_0": 0.01518633973702367,
    "latFeature_1": 0.017992865212574354,
    "latFeature_10": 0.018861597598246394,
    "latFeature_11": 0.01273338683137892,
    "latFeature_12": 0.03170887675323448,
    "latFeature_13": 0.024992300010866792,
    "latFeature_14": 0.03830833007008115,
    "latFeature_15": 0.016270060963337763,
    "latFeature_16": 0.06029700738877454,
    "latFeature_17": 0.017719395034841247,
    "latFeature_18": 0.042057726448803595,
    "latFeature_19": 0.006277757737444195,
    "latFeature_2": 0.2561250439654912,
    "latFeature_20": 0.03838205063409973,
    "latFeature_21": 0.0357528821107551,
    "latFeature_22": 0.01002429274233425,
    "latFeature_23": 0.01993458063512211,
    "latFeature_24": 0.028450414963506233,
    "latFeature_25": 0.016783854392723237,
    "latFeature_26": 0.03180886408602897,
    "latFeature_27": 0.030867761447585098,
    "latFeature_28": 0.02618602337838872,
    "latFeature_29": 0.047505364272179024,
    "latFeature_3": 0.04149533788966929,
    "latFeature_30": 0.10118247077379908,
    "latFeature_31": 0.14188434005466832,
    "latFeature_32": 0.020056606976479506,
    "latFeature_33": 0.12244304097808831,
    "latFeature_34": 0.028527479155373885,
    "latFeature_35": 0.016132972221525634,
    "latFeature_36": 0.03829050274659737,
    "latFeature_37": 0.05735475955779236,
    "latFeature_38": 0.0860139262099914,
    "latFeature_39": 0.020062410099813723,
    "latFeature_4": 0.019367128408812516,
    "latFeature_40": 0.025733267232382777,
    "latFeature_41": 0.03736729173217284,
    "latFeature_42": 0.024621093019083756,
    "latFeature_43": 0.016266749485756467,
    "latFeature_44": 0.03122157514449938,
    "latFeature_45": 0.033854392723236995,
    "latFeature_46": 0.02088611603546046,
    "latFeature_47": 0.03324985516304366,
    "latFeature_5": 0.014840563607054283,
    "latFeature_6": 0.0052897800085776915,
    "latFeature_7": 0.019086070767883427,
    "latFeature_8": 0.025066406378098722,
    "latFeature_9": 0.024578301012669133
}