{
    "latFeature_0": 0.021516052307199666,
    "latFeature_1": 0.03454451429625957,
    "latFeature_10": 0.043444206746798,
    "latFeature_11": 0.027210507736318938,
    "latFeature_12": 0.019795305675100967,
    "latFeature_13": 0.027868527266963608,
    "latFeature_14": 0.016380288156420057,
    "latFeature_15": 0.01741782552306878,
    "latFeature_16": 0.04323108262168716,
    "latFeature_17": 0.027286382368278746,
    "latFeature_18": 0.03646891679960802,
    "latFeature_19": 0.017019339029074772,
    "latFeature_2": 0.03781279799279448,
    "latFeature_20": 0.041308753810610485,
    "latFeature_21": 0.029505715353103177,
    "latFeature_22": 0.023528208966452482,
    "latFeature_23": 0.04234534274435972,
    "latFeature_24": 0.02063111618656672,
    "latFeature_25": 0.06920002739202816,
    "latFeature_26": 0.027045769764216365,
    "latFeature_27": 0.05494144793231983,
    "latFeature_28": 0.012648494049306937,
    "latFeature_29": 0.02980715626380452,
    "latFeature_3": 0.02629229608853412,
    "latFeature_30": 0.021470157799944316,
    "latFeature_31": 0.033092399226593155,
    "latFeature_32": 0.015634144741791554,
    "latFeature_33": 0.05550724441983877,
    "latFeature_34": 0.02867782988264509,
    "latFeature_35": 0.02318133972737859,
    "latFeature_36": 0.02238898030281694,
    "latFeature_37": 0.02494555352151528,
    "latFeature_38": 0.01503381886667734,
    "latFeature_39": 0.06127767093172119,
    "latFeature_4": 0.03141550555974581,
    "latFeature_40": 0.03143363831077349,
    "latFeature_41": 0.029290405009783325,
    "latFeature_42": 0.03984726693788632,
    "latFeature_43": 0.03922699182161488,
    "latFeature_44": 0.03897702348962864,
    "latFeature_5": 0.01938436095234237,
    "latFeature_6": 0.032599567771799974,
    "latFeature_7": 0.09558985131787162,
    "latFeature_8": 0.06467830120557073,
    "latFeature_9": 0.027821041321453167
}