{
    "latFeature_0": [
        0.044808462048346265,
        0.1452227049045427
    ],
    "latFeature_1": [
        0.06233570346536582,
        0.15095980553496477
    ],
    "latFeature_10": [
        0.047188071958108535,
        0.13411718796233074
    ],
    "latFeature_11": [
        0.04021279054044487,
        0.15467857813821584
    ],
    "latFeature_12": [
        0.027800782619774898,
        0.125342473062334
    ],
    "latFeature_13": [
        0.03518669264793947,
        0.11288563237807712
    ],
    "latFeature_14": [
        0.020625238727608762,
        0.10502272071682833
    ],
    "latFeature_15": [
        0.016605533707610327,
        0.09691038580004953
    ],
    "latFeature_16": [
        0.1106571847724504,
        0.17963557137930902
    ],
    "latFeature_17": [
        0.034640762504167456,
        0.12884007782486254
    ],
    "latFeature_18": [
        0.06861564439418859,
        0.15656216958644845
    ],
    "latFeature_19": [
        0.018035991654248035,
        0.10129887683436664
    ],
    "latFeature_2": [
        0.08944239834491857,
        0.17863323205769535
    ],
    "latFeature_20": [
        0.0990484260865643,
        0.18201376531761537
    ],
    "latFeature_21": [
        0.04769639206045323,
        0.12635289080275647
    ],
    "latFeature_22": [
        0.03785842871376278,
        0.12376462103118971
    ],
    "latFeature_23": [
        0.07243133709557534,
        0.18130631916554119
    ],
    "latFeature_24": [
        0.027578206396996787,
        0.15631729959511684
    ],
    "latFeature_25": [
        0.12112018455070689,
        0.28961515672350496
    ],
    "latFeature_26": [
        0.046771912568732456,
        0.15595938057518807
    ],
    "latFeature_27": [
        0.11380127278562628,
        0.2962295896159291
    ],
    "latFeature_28": [
        0.030738176986403624,
        0.1671627518370967
    ],
    "latFeature_29": [
        0.08371758057081166,
        0.17950629218738126
    ],
    "latFeature_3": [
        0.0400126906651175,
        0.172800748991122
    ],
    "latFeature_30": [
        0.03553653576740362,
        0.1425680726560083
    ],
    "latFeature_31": [
        0.03869583161690299,
        0.11113887568511827
    ],
    "latFeature_32": [
        0.0282162321210291,
        0.18902962182385324
    ],
    "latFeature_33": [
        0.08314948477816009,
        0.12630006575115216
    ],
    "latFeature_34": [
        0.043830588995198254,
        0.15037208093143464
    ],
    "latFeature_35": [
        0.027745149893723224,
        0.1429061905287216
    ],
    "latFeature_36": [
        0.029139045471772037,
        0.1295345094494081
    ],
    "latFeature_37": [
        0.029497547531657297,
        0.26315616721992213
    ],
    "latFeature_38": [
        0.018712529693370006,
        0.10375681712060349
    ],
    "latFeature_39": [
        0.09391790356265595,
        0.13093252536961694
    ],
    "latFeature_4": [
        0.06877373731117482,
        0.146037644270582
    ],
    "latFeature_40": [
        0.03829720864546318,
        0.10804921538176028
    ],
    "latFeature_41": [
        0.033384342843366596,
        0.09493315595965497
    ],
    "latFeature_42": [
        0.08595119499683486,
        0.16785752325911804
    ],
    "latFeature_43": [
        0.04886106851271631,
        0.10965238693331045
    ],
    "latFeature_44": [
        0.05847478802026816,
        0.1304397213376226
    ],
    "latFeature_5": [
        0.023497026624342356,
        0.10421671130182099
    ],
    "latFeature_6": [
        0.06154345744657895,
        0.15068334349284648
    ],
    "latFeature_7": [
        0.2209626828005231,
        0.2656011602402535
    ],
    "latFeature_8": [
        0.14520213168320126,
        0.20967836999133127
    ],
    "latFeature_9": [
        0.03087989931980405,
        0.1303094534617321
    ]
}