{
    "latFeature_0": 0.015947722378579693,
    "latFeature_1": 0.014109241465872169,
    "latFeature_10": 0.014836351921975157,
    "latFeature_11": 0.04595662157270108,
    "latFeature_12": 0.01668647123161889,
    "latFeature_13": 0.044063967458784964,
    "latFeature_14": 0.03608218122848745,
    "latFeature_15": 0.015729936464640815,
    "latFeature_16": 0.034387492388424104,
    "latFeature_17": 0.01800398920522609,
    "latFeature_18": 0.02612683473540651,
    "latFeature_19": 0.0755820966732832,
    "latFeature_2": 0.023584455859932858,
    "latFeature_20": 0.016066967721774156,
    "latFeature_21": 0.017586775180250473,
    "latFeature_22": 0.01869628092132379,
    "latFeature_23": 0.018802714382808096,
    "latFeature_24": 0.0140961241566181,
    "latFeature_25": 0.013762436527333836,
    "latFeature_26": 0.02547670809550173,
    "latFeature_27": 0.019111405178893735,
    "latFeature_28": 0.01912256132181325,
    "latFeature_29": 0.02755734482512505,
    "latFeature_3": 0.016033402842212274,
    "latFeature_30": 0.018790963459934657,
    "latFeature_31": 0.03720285918761417,
    "latFeature_32": 0.06980559376079043,
    "latFeature_33": 0.02052540610610746,
    "latFeature_34": 0.01345270084754536,
    "latFeature_35": 0.027120422686000553,
    "latFeature_36": 0.0161700254051416,
    "latFeature_37": 0.018905450563497742,
    "latFeature_38": 0.01897396278413603,
    "latFeature_39": 0.013454131534461549,
    "latFeature_4": 0.01753064081270733,
    "latFeature_40": 0.04469830831720997,
    "latFeature_41": 0.021607134015819218,
    "latFeature_42": 0.02923415811630295,
    "latFeature_43": 0.02045178199289222,
    "latFeature_44": 0.03306092411443695,
    "latFeature_45": 0.012290838395392994,
    "latFeature_46": 0.03716281602909471,
    "latFeature_47": 0.051824527696491186,
    "latFeature_48": 0.028093868493830686,
    "latFeature_49": 0.01696068086551093,
    "latFeature_5": 0.020263092071293863,
    "latFeature_50": 0.0224794190060809,
    "latFeature_51": 0.029614544009537058,
    "latFeature_52": 0.01950196663188008,
    "latFeature_53": 0.019301638313345512,
    "latFeature_54": 0.016714345513783785,
    "latFeature_55": 0.015539799780992375,
    "latFeature_56": 0.023128034583400046,
    "latFeature_57": 0.038252388604144684,
    "latFeature_58": 0.02320371631375318,
    "latFeature_59": 0.012545966845357855,
    "latFeature_6": 0.01232110787250747,
    "latFeature_60": 0.027557441275928386,
    "latFeature_61": 0.0186230586864558,
    "latFeature_62": 0.014708811809693563,
    "latFeature_63": 0.01689085048389368,
    "latFeature_64": 0.017474474294896403,
    "latFeature_65": 0.019775726162023204,
    "latFeature_66": 0.021266341177355666,
    "latFeature_67": 0.01331464759769984,
    "latFeature_68": 0.02552914518225022,
    "latFeature_69": 0.040663176433596515,
    "latFeature_7": 0.02862990990851963,
    "latFeature_70": 0.02074360997352747,
    "latFeature_71": 0.021899926504487854,
    "latFeature_8": 0.023573894496967264,
    "latFeature_9": 0.02132570664681066
}