{
    "latFeature_0": [
        0.021961942120623214,
        0.11354025943447431
    ],
    "latFeature_1": [
        0.012041759499360528,
        0.09199979155644007
    ],
    "latFeature_10": [
        0.016564742263673764,
        0.10248271157497638
    ],
    "latFeature_11": [
        0.06183825773646691,
        0.1069989494453737
    ],
    "latFeature_12": [
        0.023153621884100598,
        0.1672905035048532
    ],
    "latFeature_13": [
        0.06874628637132262,
        0.1347824131159155
    ],
    "latFeature_14": [
        0.06376762189238853,
        0.15398399043558747
    ],
    "latFeature_15": [
        0.01551319659225369,
        0.09221226723333502
    ],
    "latFeature_16": [
        0.040112886127709364,
        0.10398407630865061
    ],
    "latFeature_17": [
        0.019681853438777826,
        0.09933305103997636
    ],
    "latFeature_18": [
        0.03364871001756941,
        0.13736176421064222
    ],
    "latFeature_19": [
        0.16614489591197967,
        0.19684858665824526
    ],
    "latFeature_2": [
        0.030205084199292527,
        0.11202877305949159
    ],
    "latFeature_20": [
        0.027938071576832813,
        0.14070109940726772
    ],
    "latFeature_21": [
        0.020114428516245144,
        0.10777277942537812
    ],
    "latFeature_22": [
        0.022264304092296298,
        0.10866036127475871
    ],
    "latFeature_23": [
        0.03031825256942463,
        0.1742382622156598
    ],
    "latFeature_24": [
        0.015474677877074551,
        0.11401549896216653
    ],
    "latFeature_25": [
        0.018794568970617532,
        0.11667240288497702
    ],
    "latFeature_26": [
        0.040610655206115245,
        0.2825707078839344
    ],
    "latFeature_27": [
        0.04775203417914963,
        0.20738278296057605
    ],
    "latFeature_28": [
        0.021313597922166708,
        0.11058859732408391
    ],
    "latFeature_29": [
        0.044853556769612626,
        0.12733842625480613
    ],
    "latFeature_3": [
        0.01775771519522265,
        0.11475773226275493
    ],
    "latFeature_30": [
        0.041485962907406734,
        0.16849448072666265
    ],
    "latFeature_31": [
        0.09363507018512471,
        0.2343331807762499
    ],
    "latFeature_32": [
        0.15197609492468478,
        0.20461392030936965
    ],
    "latFeature_33": [
        0.024944834154249175,
        0.11521427768945809
    ],
    "latFeature_34": [
        0.017663879139329,
        0.23675029974861203
    ],
    "latFeature_35": [
        0.03128283801335081,
        0.10470324397697803
    ],
    "latFeature_36": [
        0.02278906170690567,
        0.10619042881137165
    ],
    "latFeature_37": [
        0.020754698378654603,
        0.09372795623224325
    ],
    "latFeature_38": [
        0.0276944935341894,
        0.1403343059179135
    ],
    "latFeature_39": [
        0.013818340237298058,
        0.1733193911154384
    ],
    "latFeature_4": [
        0.020125400479882295,
        0.12027960106151775
    ],
    "latFeature_40": [
        0.12068388219457139,
        0.2496307122791888
    ],
    "latFeature_41": [
        0.02798657816551927,
        0.0939053611608644
    ],
    "latFeature_42": [
        0.04977546256164994,
        0.12127569789132027
    ],
    "latFeature_43": [
        0.04071559112147068,
        0.12717554402805767
    ],
    "latFeature_44": [
        0.03771155530560539,
        0.09203757483545759
    ],
    "latFeature_45": [
        0.01212155749525396,
        0.09464243807687872
    ],
    "latFeature_46": [
        0.10017418665854949,
        0.3210776874700921
    ],
    "latFeature_47": [
        0.0735175404995874,
        0.16621906719198903
    ],
    "latFeature_48": [
        0.04106476938424216,
        0.11491524322716122
    ],
    "latFeature_49": [
        0.03098732255982696,
        0.13075501214690408
    ],
    "latFeature_5": [
        0.044214343040734266,
        0.1611272586647381
    ],
    "latFeature_50": [
        0.04367653929145809,
        0.1877582282545993
    ],
    "latFeature_51": [
        0.03793446891968647,
        0.18500877835272275
    ],
    "latFeature_52": [
        0.025427309038076596,
        0.1094775776029879
    ],
    "latFeature_53": [
        0.02573797213655193,
        0.14445645140186222
    ],
    "latFeature_54": [
        0.01577452228815918,
        0.08751625221628355
    ],
    "latFeature_55": [
        0.02015102226440389,
        0.1073018863773573
    ],
    "latFeature_56": [
        0.05894637567965739,
        0.285288524323555
    ],
    "latFeature_57": [
        0.088551166836934,
        0.20241962089719837
    ],
    "latFeature_58": [
        0.03871407117828845,
        0.14423720360364356
    ],
    "latFeature_59": [
        0.01792109044643454,
        0.10752266116809844
    ],
    "latFeature_6": [
        0.018513739444208855,
        0.11887577871516043
    ],
    "latFeature_60": [
        0.04284013228103575,
        0.11839103275338839
    ],
    "latFeature_61": [
        0.024696499490369252,
        0.1359734051658944
    ],
    "latFeature_62": [
        0.015101912423854405,
        0.09410018210996314
    ],
    "latFeature_63": [
        0.035965610968948396,
        0.1434771806426176
    ],
    "latFeature_64": [
        0.026574035443184346,
        0.155195091100824
    ],
    "latFeature_65": [
        0.05537846403322728,
        0.21874269841229538
    ],
    "latFeature_66": [
        0.04694565235257466,
        0.19788634982196704
    ],
    "latFeature_67": [
        0.015670308533988396,
        0.19659183637865668
    ],
    "latFeature_68": [
        0.033585322669341805,
        0.0989968428982894
    ],
    "latFeature_69": [
        0.08628112919034947,
        0.2824177129015033
    ],
    "latFeature_7": [
        0.04564540982478437,
        0.12415352655968821
    ],
    "latFeature_70": [
        0.025028861808904804,
        0.1236211620674829
    ],
    "latFeature_71": [
        0.03161716004834407,
        0.14517334054300177
    ],
    "latFeature_8": [
        0.029791983781125717,
        0.0984799422044684
    ],
    "latFeature_9": [
        0.028058202028574328,
        0.10451276537578733
    ]
}