{
    "latFeature_0": [
        0.06277080720720944,
        0.16168259631440013
    ],
    "latFeature_1": [
        0.05908271545742883,
        0.15080625399697764
    ],
    "latFeature_10": [
        0.06486494918298542,
        0.14589653254290957
    ],
    "latFeature_11": [
        0.0816918791276723,
        0.232996332357591
    ],
    "latFeature_12": [
        0.020491165327507492,
        0.12044160588382599
    ],
    "latFeature_13": [
        0.033522006932021876,
        0.12992714135281005
    ],
    "latFeature_14": [
        0.06507814753163241,
        0.1346113806506685
    ],
    "latFeature_15": [
        0.04886912058984547,
        0.20556586183668674
    ],
    "latFeature_16": [
        0.037112342770043646,
        0.16014127053511437
    ],
    "latFeature_17": [
        0.034795824653930614,
        0.15894810334754986
    ],
    "latFeature_18": [
        0.028682158124351168,
        0.17016351633327084
    ],
    "latFeature_19": [
        0.03759450924439861,
        0.16618876430261553
    ],
    "latFeature_2": [
        0.04349642755304878,
        0.17400804281243942
    ],
    "latFeature_20": [
        0.021350362290003946,
        0.12855019961363862
    ],
    "latFeature_21": [
        0.04236840529550423,
        0.1473791901572878
    ],
    "latFeature_22": [
        0.05811938022582965,
        0.19948713507486032
    ],
    "latFeature_23": [
        0.021986910084695017,
        0.11843693376286445
    ],
    "latFeature_24": [
        0.005581840954177402,
        0.11255736723852582
    ],
    "latFeature_25": [
        0.03452121799779946,
        0.14817028034096846
    ],
    "latFeature_26": [
        0.03512245043913227,
        0.1566391653590693
    ],
    "latFeature_27": [
        0.04589543108752925,
        0.1408319089708184
    ],
    "latFeature_28": [
        0.03402611377469481,
        0.1381779578510215
    ],
    "latFeature_29": [
        0.024326681098292856,
        0.1384010813860319
    ],
    "latFeature_3": [
        0.0256885774010789,
        0.141491341278537
    ],
    "latFeature_30": [
        0.040491986927623035,
        0.1379553729283629
    ],
    "latFeature_31": [
        0.040582483044413066,
        0.13975808362057535
    ],
    "latFeature_32": [
        0.02938592683945614,
        0.13691370411487463
    ],
    "latFeature_33": [
        0.024477062546354057,
        0.19395734598164927
    ],
    "latFeature_34": [
        0.03967379354126613,
        0.14340515933204187
    ],
    "latFeature_35": [
        0.03628186415365219,
        0.14283593521969054
    ],
    "latFeature_36": [
        0.032919943278014015,
        0.14316717267856185
    ],
    "latFeature_37": [
        0.04279314813396937,
        0.1465906152812924
    ],
    "latFeature_38": [
        0.019168652470340518,
        0.13413577394310175
    ],
    "latFeature_39": [
        0.05846391313500602,
        0.16373352741401245
    ],
    "latFeature_4": [
        0.03507086989210523,
        0.1438872090312608
    ],
    "latFeature_40": [
        0.01043389807563464,
        0.1667624150944102
    ],
    "latFeature_41": [
        0.024798714784744796,
        0.16462347449483705
    ],
    "latFeature_42": [
        0.010389830468703246,
        0.13618004587334673
    ],
    "latFeature_43": [
        0.01592873017691511,
        0.18732394331760763
    ],
    "latFeature_44": [
        0.009217784771508558,
        0.26059230969821395
    ],
    "latFeature_45": [
        0.018853594314719304,
        0.14191773816460293
    ],
    "latFeature_46": [
        0.03176916360481432,
        0.13446132122823815
    ],
    "latFeature_47": [
        0.0199621389875714,
        0.12717724981181583
    ],
    "latFeature_48": [
        0.030640148233975865,
        0.3047175656331706
    ],
    "latFeature_49": [
        0.03563245203897714,
        0.13392425787111914
    ],
    "latFeature_5": [
        0.03582279326454954,
        0.1399935663856362
    ],
    "latFeature_50": [
        0.03267549465647596,
        0.1273983107135024
    ],
    "latFeature_51": [
        0.03842504650565146,
        0.13972493354087834
    ],
    "latFeature_52": [
        0.02130778353941241,
        0.11818906131842638
    ],
    "latFeature_53": [
        0.05676854492639706,
        0.1698088619128117
    ],
    "latFeature_54": [
        0.07406400818191262,
        0.17483318296209485
    ],
    "latFeature_55": [
        0.05111119612505782,
        0.1514920387303549
    ],
    "latFeature_56": [
        0.027402779850639068,
        0.14791290499164256
    ],
    "latFeature_57": [
        0.02429179943585672,
        0.11027148396734507
    ],
    "latFeature_58": [
        0.022280718110219287,
        0.12418801862479412
    ],
    "latFeature_59": [
        0.04624239406451571,
        0.1384599358045613
    ],
    "latFeature_6": [
        0.016421085769668834,
        0.1361811159909933
    ],
    "latFeature_7": [
        0.050375637159456824,
        0.22664802426488775
    ],
    "latFeature_8": [
        0.016260743032155116,
        0.11168051789960168
    ],
    "latFeature_9": [
        0.034870997228570774,
        0.13948842476174497
    ]
}