{
    "latFeature_0": 0.019076152410273425,
    "latFeature_1": 0.02405229048152742,
    "latFeature_10": 0.01342045412896244,
    "latFeature_11": 0.020580206237537754,
    "latFeature_12": 0.015365448878823712,
    "latFeature_13": 0.020561543007091707,
    "latFeature_14": 0.03824785541638776,
    "latFeature_15": 0.0014968360921478116,
    "latFeature_16": 0.0016078991921923717,
    "latFeature_17": 0.010148424926231211,
    "latFeature_18": 0.012329772369674067,
    "latFeature_19": 0.009326213978036223,
    "latFeature_2": 0.008002073049266428,
    "latFeature_20": 0.009836310126627045,
    "latFeature_21": 0.011911384859924498,
    "latFeature_22": 0.013107230145119879,
    "latFeature_23": 0.010228575543805704,
    "latFeature_24": 0.005256279429551368,
    "latFeature_25": 0.018047601043469093,
    "latFeature_26": 0.005429376471276629,
    "latFeature_27": 0.01898762664794235,
    "latFeature_28": 0.01455127549757362,
    "latFeature_29": 0.0066998103777206365,
    "latFeature_3": 0.011314900941809944,
    "latFeature_30": 0.016156377616469167,
    "latFeature_31": 0.02043101291990661,
    "latFeature_32": 0.0072625365146666305,
    "latFeature_33": 0.00044614926597723634,
    "latFeature_34": 0.012174309749825906,
    "latFeature_35": 0.01889487312539826,
    "latFeature_36": 0.02057126846309503,
    "latFeature_37": 0.005937061349783982,
    "latFeature_38": 0.008994873318299868,
    "latFeature_39": 0.02184342240886524,
    "latFeature_4": 0.012607245255745735,
    "latFeature_40": 0.004763898078507096,
    "latFeature_41": 0.012827763942445877,
    "latFeature_42": -0.00013501504954034762,
    "latFeature_43": 0.0020468789484547616,
    "latFeature_44": 0.008514033913388465,
    "latFeature_45": 0.007553046334322919,
    "latFeature_46": 0.009978671512355026,
    "latFeature_47": 0.004856394398908948,
    "latFeature_48": 0.002668986629989641,
    "latFeature_49": 0.011618849573398097,
    "latFeature_5": 0.015713234400529325,
    "latFeature_50": 0.01140410185976439,
    "latFeature_51": 0.010904856426549177,
    "latFeature_52": 0.008329202023923657,
    "latFeature_53": 0.010001530352746308,
    "latFeature_54": 0.02467587707538016,
    "latFeature_55": 0.01916847190420249,
    "latFeature_56": 0.005589822382630625,
    "latFeature_57": 0.0122905168927152,
    "latFeature_58": 0.01351479908976162,
    "latFeature_59": 0.023409960281559186,
    "latFeature_6": 0.005425550589410859,
    "latFeature_7": 0.01406249497652066,
    "latFeature_8": 0.010950316905189503,
    "latFeature_9": 0.022190902503026945
}