{
    "latFeature_0": 0.012909763200417696,
    "latFeature_1": 0.02726136945994623,
    "latFeature_10": 0.03463095029118497,
    "latFeature_11": 0.025499952739106366,
    "latFeature_12": 0.016065488809456293,
    "latFeature_13": 0.03134770064499867,
    "latFeature_14": 0.059825491561519215,
    "latFeature_15": 0.016582465115351944,
    "latFeature_16": 0.031453892979474624,
    "latFeature_17": 0.03687037719337164,
    "latFeature_18": 0.030114802176187325,
    "latFeature_19": 0.15331703957762263,
    "latFeature_2": 0.021827138298234888,
    "latFeature_20": 0.029157318976309753,
    "latFeature_21": 0.04188221813699486,
    "latFeature_22": 0.04309618009808404,
    "latFeature_23": 0.039797273271489075,
    "latFeature_24": 0.011392784965505977,
    "latFeature_25": 0.024411923376909807,
    "latFeature_26": 0.024433496206589904,
    "latFeature_27": 0.014808461564676372,
    "latFeature_28": 0.02090378260760534,
    "latFeature_29": 0.057960342001688536,
    "latFeature_3": 0.03143675688674811,
    "latFeature_30": 0.018526656108518728,
    "latFeature_31": 0.026293549948977524,
    "latFeature_32": 0.013035711874444203,
    "latFeature_33": 0.052218046974113246,
    "latFeature_34": 0.03985186442617881,
    "latFeature_35": 0.01724498568348576,
    "latFeature_36": 0.030032626091742717,
    "latFeature_37": 0.024938834115549348,
    "latFeature_38": 0.020590671149700007,
    "latFeature_39": 0.02097477039886265,
    "latFeature_4": 0.030693346244880876,
    "latFeature_40": 0.08130777001241643,
    "latFeature_41": 0.024415781409043356,
    "latFeature_42": 0.0438913526710764,
    "latFeature_43": -0.00011135245245457649,
    "latFeature_44": 0.04330213471348003,
    "latFeature_45": 0.019530371393463336,
    "latFeature_46": 0.01716060730569825,
    "latFeature_47": 0.035036107965743246,
    "latFeature_48": 0.06975859006929669,
    "latFeature_49": 0.04994990988279941,
    "latFeature_5": 0.042657521844499446,
    "latFeature_50": 0.04102885357932146,
    "latFeature_51": 0.013313136535114201,
    "latFeature_52": 0.0670657318654807,
    "latFeature_53": 0.01504307814379786,
    "latFeature_54": 0.04241031843554225,
    "latFeature_55": 0.023087493095729994,
    "latFeature_56": 0.013263818024340325,
    "latFeature_57": 0.0554333631044813,
    "latFeature_58": 0.021996280857023258,
    "latFeature_59": 0.03294254682847254,
    "latFeature_6": 0.025978075446390393,
    "latFeature_60": 0.03131646665985081,
    "latFeature_61": 0.048831321691078365,
    "latFeature_62": 0.03785404678635568,
    "latFeature_63": 0.013043235037104623,
    "latFeature_64": 0.014357184330988294,
    "latFeature_65": 0.032037709692084027,
    "latFeature_66": 0.08800433321309134,
    "latFeature_67": 0.02314832140236896,
    "latFeature_68": 0.042949687402946385,
    "latFeature_69": 0.045418201038196444,
    "latFeature_7": 0.1164173734903038,
    "latFeature_70": 0.0482013211188036,
    "latFeature_71": 0.10162519603625779,
    "latFeature_8": 0.02363856476060589,
    "latFeature_9": 0.06759277120519136
}