{
    "latFeature_0": [
        0.017897588423443044,
        0.1013499767532075
    ],
    "latFeature_1": [
        0.06866275410362044,
        0.14947679410505724
    ],
    "latFeature_10": [
        0.05894585286424994,
        0.16650217588427588
    ],
    "latFeature_11": [
        0.0640917005667019,
        0.14446471550526285
    ],
    "latFeature_12": [
        0.024223166674309064,
        0.17850601653100193
    ],
    "latFeature_13": [
        0.04014689736026453,
        0.12373851535920037
    ],
    "latFeature_14": [
        0.09788273157905135,
        0.13633178458528122
    ],
    "latFeature_15": [
        0.04235940352457396,
        0.1662809474244123
    ],
    "latFeature_16": [
        0.04204115281333415,
        0.12010497113468822
    ],
    "latFeature_17": [
        0.05400347907776185,
        0.10641912157806777
    ],
    "latFeature_18": [
        0.12683112221336695,
        0.22330830712177394
    ],
    "latFeature_19": [
        0.26288144706323324,
        0.2398304198909529
    ],
    "latFeature_2": [
        0.03419314091091381,
        0.10896149530854449
    ],
    "latFeature_20": [
        0.07498095040867334,
        0.16002595181460771
    ],
    "latFeature_21": [
        0.058835479409133806,
        0.14941529847206889
    ],
    "latFeature_22": [
        0.07093494210943281,
        0.14856340035203675
    ],
    "latFeature_23": [
        0.05117529999503532,
        0.12133337673748804
    ],
    "latFeature_24": [
        0.02333174963718266,
        0.10625800657223557
    ],
    "latFeature_25": [
        0.028299751598218695,
        0.10622969582788534
    ],
    "latFeature_26": [
        0.03147767372755008,
        0.0899378614137318
    ],
    "latFeature_27": [
        0.026826891007092898,
        0.10666675467249344
    ],
    "latFeature_28": [
        0.05622204944610069,
        0.14871819536223585
    ],
    "latFeature_29": [
        0.07211677716916934,
        0.12005490395690299
    ],
    "latFeature_3": [
        0.04607416453521702,
        0.23892410360657404
    ],
    "latFeature_30": [
        0.02079923016928615,
        0.09638216807354887
    ],
    "latFeature_31": [
        0.03883134941839466,
        0.10995768386132222
    ],
    "latFeature_32": [
        0.01828990149206882,
        0.11499859597377342
    ],
    "latFeature_33": [
        0.12491169109363845,
        0.1795028797971534
    ],
    "latFeature_34": [
        0.08907114409538458,
        0.16467670523935246
    ],
    "latFeature_35": [
        0.017335444020191847,
        0.10548741702249698
    ],
    "latFeature_36": [
        0.11927381158087665,
        0.22303684735521048
    ],
    "latFeature_37": [
        0.033956696283390604,
        0.10129462870292136
    ],
    "latFeature_38": [
        0.0436446157300101,
        0.13950854327444837
    ],
    "latFeature_39": [
        0.03269515761389547,
        0.23157542883947968
    ],
    "latFeature_4": [
        0.06766883581616841,
        0.12822494204274668
    ],
    "latFeature_40": [
        0.09504378713141351,
        0.1490475879323741
    ],
    "latFeature_41": [
        0.10610648151381055,
        0.18039972732389462
    ],
    "latFeature_42": [
        0.054057859933525396,
        0.10789218136186123
    ],
    "latFeature_43": [
        0.03425949454640662,
        0.22927589717860444
    ],
    "latFeature_44": [
        0.0723879587171818,
        0.1413767197810536
    ],
    "latFeature_45": [
        0.03650165529185154,
        0.118097476736125
    ],
    "latFeature_46": [
        0.0456630202230173,
        0.15088903668355602
    ],
    "latFeature_47": [
        0.08552929613280914,
        0.1505392473907586
    ],
    "latFeature_48": [
        0.11535284209505292,
        0.1511779499443824
    ],
    "latFeature_49": [
        0.07944618643998058,
        0.1375651598105186
    ],
    "latFeature_5": [
        0.06559328289281381,
        0.1351412432631183
    ],
    "latFeature_50": [
        0.0747043788454337,
        0.14771595879802987
    ],
    "latFeature_51": [
        0.018895056265597537,
        0.1320510545638863
    ],
    "latFeature_52": [
        0.18334081178186312,
        0.24374347489341222
    ],
    "latFeature_53": [
        0.04109543000269111,
        0.1399207958490021
    ],
    "latFeature_54": [
        0.09696587701298391,
        0.18435189596333615
    ],
    "latFeature_55": [
        0.038609225058672814,
        0.15848031328674056
    ],
    "latFeature_56": [
        0.027158883027862974,
        0.12871722916927608
    ],
    "latFeature_57": [
        0.07241207706971002,
        0.11656314055894756
    ],
    "latFeature_58": [
        0.028341120354434545,
        0.11889384194708799
    ],
    "latFeature_59": [
        0.03618820826978966,
        0.09457978809314724
    ],
    "latFeature_6": [
        0.06067596699421906,
        0.13846171821221961
    ],
    "latFeature_60": [
        0.036126035667738775,
        0.15998955630782033
    ],
    "latFeature_61": [
        0.07214284653783791,
        0.13852197659855772
    ],
    "latFeature_62": [
        0.10621134974361288,
        0.17516369548511448
    ],
    "latFeature_63": [
        0.02022795443578447,
        0.1454025493794747
    ],
    "latFeature_64": [
        0.02347009590933107,
        0.1070786533146123
    ],
    "latFeature_65": [
        0.03872435206464795,
        0.12399288460237774
    ],
    "latFeature_66": [
        0.1680995316447346,
        0.23646696705127676
    ],
    "latFeature_67": [
        0.0419580098133574,
        0.12141372652345013
    ],
    "latFeature_68": [
        0.1889426456513448,
        0.23319415660258272
    ],
    "latFeature_69": [
        0.12228217551547658,
        0.22829776547116998
    ],
    "latFeature_7": [
        0.13307828304021063,
        0.13988259978354223
    ],
    "latFeature_70": [
        0.08683904438976994,
        0.14814789587676888
    ],
    "latFeature_71": [
        0.14951866489176582,
        0.21214638357976512
    ],
    "latFeature_8": [
        0.04297070112704513,
        0.11888125281645064
    ],
    "latFeature_9": [
        0.09940206421742502,
        0.13851007501887003
    ]
}