{
    "latFeature_0": 0.021356008274192914,
    "latFeature_1": 0.05906002583595519,
    "latFeature_10": 0.019620954772932304,
    "latFeature_11": 0.1044006643531334,
    "latFeature_12": 0.020683537198181324,
    "latFeature_13": 0.021797913704823247,
    "latFeature_14": 0.019584994698420843,
    "latFeature_15": 0.08505941690988345,
    "latFeature_16": 0.020886582214343263,
    "latFeature_17": 0.04959542103026176,
    "latFeature_18": 0.03675132475178386,
    "latFeature_19": 0.02584638794956523,
    "latFeature_2": 0.08890603569837133,
    "latFeature_20": 0.07164484627992466,
    "latFeature_21": 0.02443709703658122,
    "latFeature_22": 0.02529431962638817,
    "latFeature_23": 0.038478999766589056,
    "latFeature_24": 0.02383334715794848,
    "latFeature_25": 0.021626970731039218,
    "latFeature_26": 0.009834863364576963,
    "latFeature_27": 0.05601113556674814,
    "latFeature_28": 0.026986291768824142,
    "latFeature_29": 0.04297117985695703,
    "latFeature_3": 0.028193871901759072,
    "latFeature_30": 0.017639276567534532,
    "latFeature_31": 0.04960223688703103,
    "latFeature_32": 0.020316397215272407,
    "latFeature_33": 0.020242966003663845,
    "latFeature_34": 0.016775398872297207,
    "latFeature_35": 0.021732327158552903,
    "latFeature_36": 0.057723571354625816,
    "latFeature_37": 0.24013941642119938,
    "latFeature_38": 0.031489595851843855,
    "latFeature_39": 0.04160926236354623,
    "latFeature_4": 0.10847924732365097,
    "latFeature_40": 0.03961420964675215,
    "latFeature_41": 0.05151469556589937,
    "latFeature_42": 0.04574555506472813,
    "latFeature_43": 0.020303488882758902,
    "latFeature_44": 0.051331792692501335,
    "latFeature_45": 0.009183884742576021,
    "latFeature_46": 0.017612318568001353,
    "latFeature_47": 0.0679217809705137,
    "latFeature_48": 0.03342197162160163,
    "latFeature_49": 0.13344495906306403,
    "latFeature_5": 0.011792718221550067,
    "latFeature_50": 0.022237182813495654,
    "latFeature_51": 0.054009877848272596,
    "latFeature_52": 0.020264988937092856,
    "latFeature_53": 0.021811111389746764,
    "latFeature_54": 0.0809297793141319,
    "latFeature_55": 0.04418758523839745,
    "latFeature_56": 0.03457295120811061,
    "latFeature_57": 0.0567655255250621,
    "latFeature_58": 0.019539566370048295,
    "latFeature_59": 0.03154928282397664,
    "latFeature_6": 0.02687768816426472,
    "latFeature_7": 0.1601281059569945,
    "latFeature_8": 0.06033452675127331,
    "latFeature_9": 0.014936323179635762
}