{
    "latFeature_0": [
        0.028841004019925197,
        0.1511505142054286
    ],
    "latFeature_1": [
        0.07020537290220613,
        0.1297848336473174
    ],
    "latFeature_10": [
        0.019093940357112947,
        0.189164476373531
    ],
    "latFeature_11": [
        0.11626477835753093,
        0.132346376683788
    ],
    "latFeature_12": [
        0.026084228613312933,
        0.16764086897882308
    ],
    "latFeature_13": [
        0.026817664632687893,
        0.12988007126215698
    ],
    "latFeature_14": [
        0.0250340628507524,
        0.14478337363401006
    ],
    "latFeature_15": [
        0.09709594076014487,
        0.1272781187053118
    ],
    "latFeature_16": [
        0.06825714624987897,
        0.2207154813800491
    ],
    "latFeature_17": [
        0.10141005966670019,
        0.22022420891087327
    ],
    "latFeature_18": [
        0.048167349812569454,
        0.13222312584474308
    ],
    "latFeature_19": [
        0.03325538447012878,
        0.11367327005357074
    ],
    "latFeature_2": [
        0.1017219191865279,
        0.13829058893384394
    ],
    "latFeature_20": [
        0.1063712142525061,
        0.2409838558838122
    ],
    "latFeature_21": [
        0.056620004809012185,
        0.277267021751737
    ],
    "latFeature_22": [
        0.09364261481163096,
        0.3617959196904584
    ],
    "latFeature_23": [
        0.049501170358837714,
        0.1534511569528117
    ],
    "latFeature_24": [
        0.026372564118389372,
        0.15397063559076218
    ],
    "latFeature_25": [
        0.036087361530135115,
        0.13388058838791278
    ],
    "latFeature_26": [
        0.0178829313436169,
        0.21461242026089358
    ],
    "latFeature_27": [
        0.09541402695851703,
        0.18663278809639006
    ],
    "latFeature_28": [
        0.033477605198186725,
        0.16962474387743184
    ],
    "latFeature_29": [
        0.06221100150192494,
        0.176040706828545
    ],
    "latFeature_3": [
        0.03743440598213382,
        0.14372231163662383
    ],
    "latFeature_30": [
        0.02194465942548799,
        0.1989800541835873
    ],
    "latFeature_31": [
        0.06150869630655929,
        0.16004762291269267
    ],
    "latFeature_32": [
        0.026029638706032445,
        0.2065704325528016
    ],
    "latFeature_33": [
        0.037661843423951395,
        0.15879435637173575
    ],
    "latFeature_34": [
        0.01698046702568719,
        0.2608475418763722
    ],
    "latFeature_35": [
        0.019829876939193566,
        0.27209559925416943
    ],
    "latFeature_36": [
        0.10072103466016881,
        0.2533324740301758
    ],
    "latFeature_37": [
        0.23808129853598997,
        0.29555939977905804
    ],
    "latFeature_38": [
        0.04041992748700446,
        0.12050869719880346
    ],
    "latFeature_39": [
        0.07450456491223897,
        0.1613585696941497
    ],
    "latFeature_4": [
        0.11533014402783626,
        0.15914333461542277
    ],
    "latFeature_40": [
        0.042748106007803696,
        0.1447280600179657
    ],
    "latFeature_41": [
        0.07437183098175125,
        0.1481967058539145
    ],
    "latFeature_42": [
        0.06036156899592386,
        0.14098309641769757
    ],
    "latFeature_43": [
        0.019940629937499815,
        0.1769958330797737
    ],
    "latFeature_44": [
        0.10440947074040255,
        0.20613079774554138
    ],
    "latFeature_45": [
        0.016428573003222566,
        0.26093170023068474
    ],
    "latFeature_46": [
        0.02124032045188551,
        0.2167391961100599
    ],
    "latFeature_47": [
        0.14117953294303612,
        0.18087630500382995
    ],
    "latFeature_48": [
        0.03770230511830637,
        0.1508943626318176
    ],
    "latFeature_49": [
        0.20374620126618648,
        0.2825285612926208
    ],
    "latFeature_5": [
        0.018386896651150942,
        0.18209319529704393
    ],
    "latFeature_50": [
        0.02837557557322024,
        0.2137143575025823
    ],
    "latFeature_51": [
        0.06032323495121557,
        0.10862200364921139
    ],
    "latFeature_52": [
        0.04552527055848861,
        0.18236090317801604
    ],
    "latFeature_53": [
        0.02522163688954291,
        0.12428891515700649
    ],
    "latFeature_54": [
        0.12461912094140133,
        0.25143053997522985
    ],
    "latFeature_55": [
        0.08441065346918712,
        0.18629005403465776
    ],
    "latFeature_56": [
        0.0481486733189976,
        0.18256687750534803
    ],
    "latFeature_57": [
        0.07170187671943126,
        0.12952583957686467
    ],
    "latFeature_58": [
        0.01966639387017766,
        0.18848525054464568
    ],
    "latFeature_59": [
        0.034007229834802186,
        0.17932579127003906
    ],
    "latFeature_6": [
        0.03521498043521509,
        0.16142453214302976
    ],
    "latFeature_7": [
        0.1609250736970216,
        0.18387752083398176
    ],
    "latFeature_8": [
        0.06843326438080517,
        0.1376932624396797
    ],
    "latFeature_9": [
        0.0250070284775737,
        0.247980075960755
    ]
}