{
    "latFeature_0": 0.018249520800258746,
    "latFeature_1": 0.031407339391729794,
    "latFeature_10": 0.021426401285496305,
    "latFeature_11": 0.01894714946080786,
    "latFeature_12": 0.01730079854835111,
    "latFeature_13": 0.02474866528163313,
    "latFeature_14": 0.013924763229352937,
    "latFeature_15": 0.025277231759063323,
    "latFeature_16": 0.02817172036725894,
    "latFeature_17": 0.011542460537153814,
    "latFeature_18": 0.022315082912325576,
    "latFeature_19": 0.02279614736911144,
    "latFeature_2": 0.03074661923859164,
    "latFeature_20": 0.010965604357518694,
    "latFeature_21": 0.028730572396937493,
    "latFeature_22": 0.018074944846215624,
    "latFeature_23": 0.0385222258016187,
    "latFeature_24": 0.024748038351411428,
    "latFeature_25": 0.04866864133611369,
    "latFeature_26": 0.02335517622526278,
    "latFeature_27": 0.06663694374410445,
    "latFeature_28": 0.024640286728948167,
    "latFeature_29": 0.010527364057415235,
    "latFeature_3": 0.015568799322529558,
    "latFeature_30": 0.015391201243315156,
    "latFeature_31": 0.021383528903412236,
    "latFeature_32": 0.018066328574450695,
    "latFeature_33": 0.026241241463300147,
    "latFeature_34": 0.016839185003571896,
    "latFeature_35": 0.015824297500573882,
    "latFeature_36": 0.024191340389674104,
    "latFeature_37": 0.03947123740593635,
    "latFeature_38": 0.02278135824593283,
    "latFeature_39": 0.01410232915829956,
    "latFeature_4": 0.022409701150400883,
    "latFeature_40": 0.01955385716407632,
    "latFeature_41": 0.017294384569929083,
    "latFeature_42": 0.011442360678422091,
    "latFeature_43": 0.017118024276024196,
    "latFeature_44": 0.0249289961336088,
    "latFeature_45": 0.022043252398249225,
    "latFeature_46": 0.0234593752431364,
    "latFeature_47": 0.013946400359568595,
    "latFeature_48": 0.018320765793658295,
    "latFeature_49": 0.01568888057268629,
    "latFeature_5": 0.032227878526000245,
    "latFeature_6": 0.033289625044286994,
    "latFeature_7": 0.012915823525894148,
    "latFeature_8": 0.01593253137705384,
    "latFeature_9": 0.012083292341741915
}