{
    "latFeature_0": [
        0.016392849371555468,
        0.12989118392153112
    ],
    "latFeature_1": [
        0.08755668077587234,
        0.15469932108635445
    ],
    "latFeature_10": [
        0.026286818523121397,
        0.10383912106405137
    ],
    "latFeature_11": [
        0.022514686396781586,
        0.1147785689514977
    ],
    "latFeature_12": [
        0.02126224792172139,
        0.10739006966314399
    ],
    "latFeature_13": [
        0.02770776030782704,
        0.09439501761718266
    ],
    "latFeature_14": [
        0.0204001402692711,
        0.11303375919491868
    ],
    "latFeature_15": [
        0.045415831899470994,
        0.12131040311842278
    ],
    "latFeature_16": [
        0.07144066606850946,
        0.20743896613537108
    ],
    "latFeature_17": [
        0.0303625888785636,
        0.22892514837613484
    ],
    "latFeature_18": [
        0.03221556402143706,
        0.09696254949507063
    ],
    "latFeature_19": [
        0.030881837428569175,
        0.09741625564870923
    ],
    "latFeature_2": [
        0.03889708492958471,
        0.13440916352259155
    ],
    "latFeature_20": [
        0.011706323541681283,
        0.09311752107909207
    ],
    "latFeature_21": [
        0.034258112137877314,
        0.08624978889587927
    ],
    "latFeature_22": [
        0.04624889004706467,
        0.19330700112662264
    ],
    "latFeature_23": [
        0.11858701240571354,
        0.17993588176659284
    ],
    "latFeature_24": [
        0.07961735503943479,
        0.1582818353763509
    ],
    "latFeature_25": [
        0.09099762880121917,
        0.14012611912225192
    ],
    "latFeature_26": [
        0.0259693914000407,
        0.09102153040672954
    ],
    "latFeature_27": [
        0.191080797871757,
        0.24808856173617735
    ],
    "latFeature_28": [
        0.031833724625137394,
        0.10485518777112411
    ],
    "latFeature_29": [
        0.02441564483529105,
        0.12935453550261028
    ],
    "latFeature_3": [
        0.016287702787966818,
        0.09377719763508909
    ],
    "latFeature_30": [
        0.028330187106272997,
        0.11642045201990374
    ],
    "latFeature_31": [
        0.028348607022932626,
        0.09664380034594003
    ],
    "latFeature_32": [
        0.02521023265947206,
        0.10800277356756564
    ],
    "latFeature_33": [
        0.029451444823014098,
        0.09472398453900444
    ],
    "latFeature_34": [
        0.029038342502954975,
        0.0968333642701875
    ],
    "latFeature_35": [
        0.014503121764602748,
        0.08833396450018018
    ],
    "latFeature_36": [
        0.03941095957316256,
        0.1545216389349561
    ],
    "latFeature_37": [
        0.10100799254564193,
        0.15053083787673846
    ],
    "latFeature_38": [
        0.02885059678937484,
        0.09697582923766512
    ],
    "latFeature_39": [
        0.02478838039988281,
        0.11827977991430737
    ],
    "latFeature_4": [
        0.032601692760701205,
        0.10969388849130209
    ],
    "latFeature_40": [
        0.02352302630714257,
        0.10663811104614754
    ],
    "latFeature_41": [
        0.04071957189952439,
        0.12097014489558483
    ],
    "latFeature_42": [
        0.009629478747331851,
        0.08378535606176069
    ],
    "latFeature_43": [
        0.01890944371744436,
        0.090120845748268
    ],
    "latFeature_44": [
        0.034473263068643574,
        0.1139725776880022
    ],
    "latFeature_45": [
        0.04147547251995334,
        0.14582342938823262
    ],
    "latFeature_46": [
        0.04540040530862778,
        0.12112447157965854
    ],
    "latFeature_47": [
        0.012344069083023079,
        0.09323459972709469
    ],
    "latFeature_48": [
        0.038559556376897806,
        0.11771455468718517
    ],
    "latFeature_49": [
        0.01887434779696683,
        0.10064778248667469
    ],
    "latFeature_5": [
        0.07515164817324563,
        0.1567121090154274
    ],
    "latFeature_6": [
        0.0606868337323475,
        0.2580763294603895
    ],
    "latFeature_7": [
        0.011070684566269669,
        0.09051232982885532
    ],
    "latFeature_8": [
        0.01637188533523398,
        0.08861634700243833
    ],
    "latFeature_9": [
        0.01874395453276949,
        0.11063718025794539
    ]
}