{
    "latFeature_0": 0.01769367482061758,
    "latFeature_1": 0.0349149496816159,
    "latFeature_10": 0.016132747169651174,
    "latFeature_11": 0.09310338175806666,
    "latFeature_12": 0.015223489371442975,
    "latFeature_13": 0.01587416256590001,
    "latFeature_14": 0.025486771129316736,
    "latFeature_15": 0.08398477813421709,
    "latFeature_16": 0.019511917139757855,
    "latFeature_17": 0.030490381604388384,
    "latFeature_18": 0.01291481079245909,
    "latFeature_19": 0.028476520980943252,
    "latFeature_2": 0.016789352088513544,
    "latFeature_20": 0.024959812165275527,
    "latFeature_21": 0.023055230302013185,
    "latFeature_22": 0.01242300814623485,
    "latFeature_23": 0.01583661105313346,
    "latFeature_24": 0.016155171981427435,
    "latFeature_25": 0.023447801146735753,
    "latFeature_26": 0.059920447377406205,
    "latFeature_27": 0.01831968875968768,
    "latFeature_28": 0.03687618031670586,
    "latFeature_29": 0.04030126086920178,
    "latFeature_3": 0.06710286542476612,
    "latFeature_30": 0.023777695044422027,
    "latFeature_31": 0.012380312590623567,
    "latFeature_32": 0.020579386405709374,
    "latFeature_33": 0.0221143044900421,
    "latFeature_34": 0.022171081862940836,
    "latFeature_35": 0.015446322877423247,
    "latFeature_36": 0.2968036203773541,
    "latFeature_37": 0.014207637360411574,
    "latFeature_38": 0.01407152920176672,
    "latFeature_39": 0.012566430490799557,
    "latFeature_4": 0.031105914556162337,
    "latFeature_40": 0.0185822760717774,
    "latFeature_41": 0.056818525241496734,
    "latFeature_42": 0.018269453966282084,
    "latFeature_43": 0.1590337108417776,
    "latFeature_44": 0.09214901713416371,
    "latFeature_45": 0.03996686593402637,
    "latFeature_46": 0.01884057132311855,
    "latFeature_47": 0.024067963737069965,
    "latFeature_5": 0.05359538052092436,
    "latFeature_6": 0.0360559787602471,
    "latFeature_7": 0.019580091782584456,
    "latFeature_8": 0.013590207542838625,
    "latFeature_9": 0.019743029339691368
}