{
    "latFeature_0": [
        0.02112113626865113,
        0.1984501160295094
    ],
    "latFeature_1": [
        0.08453713651122688,
        0.16110376031628737
    ],
    "latFeature_10": [
        0.009895875444888812,
        0.15968220210877504
    ],
    "latFeature_11": [
        0.14865100756516128,
        0.17686504772135198
    ],
    "latFeature_12": [
        0.027179048182949667,
        0.19535035026453587
    ],
    "latFeature_13": [
        0.017929088016384237,
        0.14246668009147315
    ],
    "latFeature_14": [
        0.057614484413926595,
        0.14401219242345917
    ],
    "latFeature_15": [
        0.0930305858750087,
        0.10489244861077696
    ],
    "latFeature_16": [
        0.020114072858581522,
        0.09171267090438888
    ],
    "latFeature_17": [
        0.09807918972960476,
        0.2928470314722506
    ],
    "latFeature_18": [
        0.01813812708847973,
        0.2048129658322313
    ],
    "latFeature_19": [
        0.03626097239331437,
        0.23050784996097962
    ],
    "latFeature_2": [
        0.017330723760489483,
        0.13679739217763165
    ],
    "latFeature_20": [
        0.0939865108915389,
        0.34657228123987954
    ],
    "latFeature_21": [
        0.028213917109022133,
        0.11462764713762079
    ],
    "latFeature_22": [
        0.022088823472821213,
        0.15152979624257318
    ],
    "latFeature_23": [
        0.03278560809493413,
        0.29256807803928064
    ],
    "latFeature_24": [
        0.023106221286409448,
        0.20880442405677072
    ],
    "latFeature_25": [
        0.09272887592809109,
        0.26758618691655617
    ],
    "latFeature_26": [
        0.10488348282831464,
        0.2068396826428724
    ],
    "latFeature_27": [
        0.0210621313923477,
        0.2009178173726724
    ],
    "latFeature_28": [
        0.0788888831963813,
        0.22249253491345586
    ],
    "latFeature_29": [
        0.07935956470075388,
        0.1736553949432973
    ],
    "latFeature_3": [
        0.10813904181375605,
        0.23905179359998904
    ],
    "latFeature_30": [
        0.020540601154377607,
        0.15408244454436465
    ],
    "latFeature_31": [
        0.010060778222277033,
        0.17138925828680637
    ],
    "latFeature_32": [
        0.02263226927544622,
        0.12587428893659
    ],
    "latFeature_33": [
        0.023494562031556716,
        0.1755887885113524
    ],
    "latFeature_34": [
        0.042647996818337836,
        0.1565853367411639
    ],
    "latFeature_35": [
        0.013884808287657688,
        0.18186237567419952
    ],
    "latFeature_36": [
        0.27837152357715844,
        0.2760154271110554
    ],
    "latFeature_37": [
        0.017652064482799216,
        0.12424020594420011
    ],
    "latFeature_38": [
        0.01366854064767825,
        0.13845221851971956
    ],
    "latFeature_39": [
        0.019523820699456632,
        0.14263073243514143
    ],
    "latFeature_4": [
        0.02803338338469126,
        0.15610777124146588
    ],
    "latFeature_40": [
        0.04533794334264966,
        0.19914731928429266
    ],
    "latFeature_41": [
        0.06354374459798863,
        0.20388585702702544
    ],
    "latFeature_42": [
        0.057240664122905884,
        0.24927962584031826
    ],
    "latFeature_43": [
        0.20244253354003627,
        0.21702821803530278
    ],
    "latFeature_44": [
        0.12767447414883534,
        0.34417918896421573
    ],
    "latFeature_45": [
        0.0529728239792414,
        0.16388667198460158
    ],
    "latFeature_46": [
        0.02549804355161967,
        0.13436277316041004
    ],
    "latFeature_47": [
        0.037736935758022935,
        0.16442742848807648
    ],
    "latFeature_5": [
        0.15260561328307212,
        0.33013228563150093
    ],
    "latFeature_6": [
        0.03493931234583307,
        0.09901897846928909
    ],
    "latFeature_7": [
        0.03037726623910262,
        0.14690878780575845
    ],
    "latFeature_8": [
        0.029052876790815245,
        0.20976658749695187
    ],
    "latFeature_9": [
        0.02000001263170337,
        0.18057750244720644
    ]
}