{
    "latFeature_0": 0.013034586615071918,
    "latFeature_1": 0.010512140905621603,
    "latFeature_10": 0.011618881723665877,
    "latFeature_11": 0.011026062936078194,
    "latFeature_12": 0.012047927047184376,
    "latFeature_13": 0.011678616921200338,
    "latFeature_14": 0.012828214046194792,
    "latFeature_15": 0.011437731039861832,
    "latFeature_16": 0.012341812644957519,
    "latFeature_17": 0.031062447394124344,
    "latFeature_18": 0.019193291910928327,
    "latFeature_19": 0.00969645646178587,
    "latFeature_2": 0.010416751061119589,
    "latFeature_20": 0.014890975226932664,
    "latFeature_21": 0.02058668451649534,
    "latFeature_22": 0.011585123942497317,
    "latFeature_23": 0.03028365538256568,
    "latFeature_24": 0.012228064997553365,
    "latFeature_25": 0.013790150058159834,
    "latFeature_26": 0.046209419128251925,
    "latFeature_27": 0.09802505727570204,
    "latFeature_28": 0.01002811862420002,
    "latFeature_29": 0.012386019263154443,
    "latFeature_3": 0.009774710213561369,
    "latFeature_30": 0.01578563680356894,
    "latFeature_31": 0.018959655914974116,
    "latFeature_32": 0.013786517077900741,
    "latFeature_33": 0.0177980345898301,
    "latFeature_34": 0.008441679735750518,
    "latFeature_35": 0.011324128068662684,
    "latFeature_36": 0.01636529005650088,
    "latFeature_37": 0.016117604393526993,
    "latFeature_38": 0.016866609181987877,
    "latFeature_39": 0.010958675974812194,
    "latFeature_4": 0.015723426035415447,
    "latFeature_40": 0.013156034251609282,
    "latFeature_41": 0.016829186270292444,
    "latFeature_42": 0.017711678970574147,
    "latFeature_43": 0.06456140283192419,
    "latFeature_44": 0.013773882022663367,
    "latFeature_45": 0.01194430673413079,
    "latFeature_46": 0.017302582888212875,
    "latFeature_47": 0.01776958160284517,
    "latFeature_48": 0.017330392869842212,
    "latFeature_49": 0.059378361712374705,
    "latFeature_5": 0.046915953412975976,
    "latFeature_50": 0.010814835676766351,
    "latFeature_51": 0.026302021544537445,
    "latFeature_52": 0.008862639266922455,
    "latFeature_53": 0.01363576447228229,
    "latFeature_54": 0.025800686343916558,
    "latFeature_55": 0.015471785889504673,
    "latFeature_56": 0.013552720330607634,
    "latFeature_57": 0.011625681505301258,
    "latFeature_58": 0.02151119761676495,
    "latFeature_59": 0.008772361314997392,
    "latFeature_6": 0.012763157979342809,
    "latFeature_60": 0.02096637917897218,
    "latFeature_61": 0.02516006010814064,
    "latFeature_62": 0.020917542922215,
    "latFeature_63": 0.01200384903005857,
    "latFeature_64": 0.013249141427098945,
    "latFeature_65": 0.021108628038762935,
    "latFeature_66": 0.01951254406997956,
    "latFeature_67": 0.01052307199666666,
    "latFeature_68": 0.013337217085681106,
    "latFeature_69": 0.01271327683888279,
    "latFeature_7": 0.010774551391238538,
    "latFeature_70": 0.021356972782226303,
    "latFeature_71": 0.02828935819706442,
    "latFeature_72": 0.01217016236528234,
    "latFeature_73": 0.015113792657779047,
    "latFeature_74": 0.011799100049704313,
    "latFeature_75": 0.012808087978564774,
    "latFeature_76": 0.012704596266582303,
    "latFeature_77": 0.00968883684832211,
    "latFeature_8": 0.01995047894253911,
    "latFeature_9": 0.010459928870747565
}