{
    "latFeature_0": [
        0.01325703131435806,
        0.14495791311659373
    ],
    "latFeature_1": [
        0.016685543570221013,
        0.15405702556304018
    ],
    "latFeature_10": [
        0.01705790656477576,
        0.14512087785020206
    ],
    "latFeature_11": [
        0.01006589733824238,
        0.14654344253949342
    ],
    "latFeature_12": [
        0.018182646495158952,
        0.16467953235233576
    ],
    "latFeature_13": [
        0.014237711723520249,
        0.1413074786062373
    ],
    "latFeature_14": [
        0.017521897091852583,
        0.1345597386139896
    ],
    "latFeature_15": [
        0.011590741414038453,
        0.1380926542039128
    ],
    "latFeature_16": [
        0.012657707843412932,
        0.1339281937799086
    ],
    "latFeature_17": [
        0.045094395059525894,
        0.1362186748910882
    ],
    "latFeature_18": [
        0.025125282209778634,
        0.13593841427448405
    ],
    "latFeature_19": [
        0.011463837499010272,
        0.15850555126098642
    ],
    "latFeature_2": [
        0.015112716892536347,
        0.1422665866812015
    ],
    "latFeature_20": [
        0.01942831221723986,
        0.1322634526272489
    ],
    "latFeature_21": [
        0.023433550484821278,
        0.12742217083554463
    ],
    "latFeature_22": [
        0.025018335759828703,
        0.15106638076865891
    ],
    "latFeature_23": [
        0.04381424345682291,
        0.17451448189643726
    ],
    "latFeature_24": [
        0.019847424913410388,
        0.14331227767784233
    ],
    "latFeature_25": [
        0.02254356094087437,
        0.1452271887815
    ],
    "latFeature_26": [
        0.10958258875407512,
        0.1963573023240318
    ],
    "latFeature_27": [
        0.2281973467467809,
        0.2233875844761566
    ],
    "latFeature_28": [
        0.013815029131675236,
        0.15596635670179612
    ],
    "latFeature_29": [
        0.023336140833686438,
        0.15340576029830738
    ],
    "latFeature_3": [
        0.01600460545780285,
        0.14258305622813622
    ],
    "latFeature_30": [
        0.03073687037484889,
        0.18678516331054554
    ],
    "latFeature_31": [
        0.04449420590388324,
        0.1419438422762126
    ],
    "latFeature_32": [
        0.02632831918788577,
        0.13398400878842154
    ],
    "latFeature_33": [
        0.032285678557432744,
        0.13438233133965788
    ],
    "latFeature_34": [
        0.00616840306441271,
        0.1766985551205644
    ],
    "latFeature_35": [
        0.018971695255396263,
        0.12757406762701398
    ],
    "latFeature_36": [
        0.026086853586758593,
        0.13595093177792378
    ],
    "latFeature_37": [
        0.021862139504785945,
        0.1414263963229256
    ],
    "latFeature_38": [
        0.03060544285603407,
        0.14558808085059277
    ],
    "latFeature_39": [
        0.019326137822852307,
        0.1684873337845877
    ],
    "latFeature_4": [
        0.02536110873078544,
        0.14783736839816608
    ],
    "latFeature_40": [
        0.01665773504598425,
        0.14941272531363373
    ],
    "latFeature_41": [
        0.027779330859789644,
        0.1502568285316447
    ],
    "latFeature_42": [
        0.022299110132447345,
        0.14689558307095202
    ],
    "latFeature_43": [
        0.10966351538725108,
        0.2421131669618595
    ],
    "latFeature_44": [
        0.01470034020142023,
        0.12873315077015193
    ],
    "latFeature_45": [
        0.011645185939410791,
        0.1664242845734192
    ],
    "latFeature_46": [
        0.026394985235994522,
        0.14550246370214093
    ],
    "latFeature_47": [
        0.01998315364374935,
        0.11865771833968544
    ],
    "latFeature_48": [
        0.03025915685503643,
        0.1338091912447033
    ],
    "latFeature_49": [
        0.08249779346812214,
        0.13790483396981806
    ],
    "latFeature_5": [
        0.09668972128847288,
        0.2623196543010549
    ],
    "latFeature_50": [
        0.021664215988890085,
        0.1622096157165289
    ],
    "latFeature_51": [
        0.03081528550718779,
        0.10730020968671142
    ],
    "latFeature_52": [
        0.011842561138687572,
        0.14547437327056864
    ],
    "latFeature_53": [
        0.014581267811967983,
        0.1373275155179694
    ],
    "latFeature_54": [
        0.05305176571239242,
        0.15930838020895757
    ],
    "latFeature_55": [
        0.025187815330971728,
        0.12320605230543819
    ],
    "latFeature_56": [
        0.02303876907758757,
        0.1667150435138645
    ],
    "latFeature_57": [
        0.022886954043251414,
        0.14750428319611264
    ],
    "latFeature_58": [
        0.024943246292631074,
        0.12135983951528986
    ],
    "latFeature_59": [
        0.007916820520482292,
        0.17458533661392514
    ],
    "latFeature_6": [
        0.02367309338835348,
        0.1472934553021683
    ],
    "latFeature_60": [
        0.04075038580383898,
        0.1524319990363114
    ],
    "latFeature_61": [
        0.08085572401795571,
        0.24223061880546742
    ],
    "latFeature_62": [
        0.04344439039389094,
        0.16154951231038062
    ],
    "latFeature_63": [
        0.012418078171688555,
        0.15036467599544345
    ],
    "latFeature_64": [
        0.013641521867510754,
        0.14995996062204928
    ],
    "latFeature_65": [
        0.025765560712202824,
        0.17518408757528797
    ],
    "latFeature_66": [
        0.03147287498272756,
        0.1431639682648518
    ],
    "latFeature_67": [
        0.020551993327831954,
        0.15935267158529368
    ],
    "latFeature_68": [
        0.022075291404995215,
        0.14719916495791469
    ],
    "latFeature_69": [
        0.02043681698738519,
        0.14506589261815508
    ],
    "latFeature_7": [
        0.013822067076808369,
        0.13416339163117558
    ],
    "latFeature_70": [
        0.040369358144561135,
        0.16136788444062342
    ],
    "latFeature_71": [
        0.05886030815303693,
        0.15076675823148405
    ],
    "latFeature_72": [
        0.019100463651350475,
        0.1510671844830377
    ],
    "latFeature_73": [
        0.0326032180438902,
        0.15543210210938824
    ],
    "latFeature_74": [
        0.020196450036252124,
        0.15185373281866285
    ],
    "latFeature_75": [
        0.018368607153243812,
        0.13608674035451435
    ],
    "latFeature_76": [
        0.01649342708399697,
        0.15354695876048616
    ],
    "latFeature_77": [
        0.020194708844283434,
        0.1585630490704753
    ],
    "latFeature_8": [
        0.050039271384670715,
        0.16097959400574352
    ],
    "latFeature_9": [
        0.012587426231016411,
        0.14625608131970902
    ]
}