{
    "latFeature_0": 0.012081395475942919,
    "latFeature_1": 0.0662778734784082,
    "latFeature_10": 0.032374933850824045,
    "latFeature_11": 0.018492239246860685,
    "latFeature_12": 0.02591092961213274,
    "latFeature_13": 0.05523949698977043,
    "latFeature_14": 0.057494404245892965,
    "latFeature_15": 0.025516510127012847,
    "latFeature_16": 0.016993313387307203,
    "latFeature_17": 0.03987602535241516,
    "latFeature_18": 0.01971624816663098,
    "latFeature_19": 0.0253792927841296,
    "latFeature_2": 0.032135800159079526,
    "latFeature_20": 0.026666075101739524,
    "latFeature_21": 0.02376194141321003,
    "latFeature_22": 0.022950243602578965,
    "latFeature_23": 0.049710872641858236,
    "latFeature_24": 0.026939239851928726,
    "latFeature_25": 0.015560568853977984,
    "latFeature_26": 0.011608368586101953,
    "latFeature_27": 0.026213720834080828,
    "latFeature_28": 0.05630453891050459,
    "latFeature_29": 0.023600772120830994,
    "latFeature_3": 0.025419930722602988,
    "latFeature_30": 0.026846695306125205,
    "latFeature_31": 0.07868147893803808,
    "latFeature_32": 0.018121562734496017,
    "latFeature_33": 0.023765236815657436,
    "latFeature_34": 0.036103416480355865,
    "latFeature_35": 0.044401288068328326,
    "latFeature_36": 0.03585576296764976,
    "latFeature_37": 0.031155345592873442,
    "latFeature_4": 0.017570603595557347,
    "latFeature_5": 0.02244363575804223,
    "latFeature_6": 0.029314871363563588,
    "latFeature_7": 0.03761679388527627,
    "latFeature_8": 0.0212500731418592,
    "latFeature_9": 0.014461929903414165
}