{
    "latFeature_0": [
        0.013765052263008276,
        0.09776805523249198
    ],
    "latFeature_1": [
        0.12155828409364972,
        0.1690782611094468
    ],
    "latFeature_10": [
        0.0689097961367039,
        0.15650308743719696
    ],
    "latFeature_11": [
        0.031209342946636322,
        0.11959169206039653
    ],
    "latFeature_12": [
        0.03971367102759726,
        0.1389556765907464
    ],
    "latFeature_13": [
        0.13078483895194865,
        0.22013786247246897
    ],
    "latFeature_14": [
        0.1708827063984648,
        0.2196304711147662
    ],
    "latFeature_15": [
        0.03647417675103203,
        0.10774304342691987
    ],
    "latFeature_16": [
        0.046647400081320504,
        0.1638830382217365
    ],
    "latFeature_17": [
        0.049884340782000935,
        0.09874700892834
    ],
    "latFeature_18": [
        0.029855971154181236,
        0.11726992668727916
    ],
    "latFeature_19": [
        0.04076332367649091,
        0.11963742706538742
    ],
    "latFeature_2": [
        0.05862759802282564,
        0.1563020007802778
    ],
    "latFeature_20": [
        0.03925254412599546,
        0.11836680202945611
    ],
    "latFeature_21": [
        0.04192435426020506,
        0.1467227657765666
    ],
    "latFeature_22": [
        0.03900184094370199,
        0.10519435894153403
    ],
    "latFeature_23": [
        0.1567531186864734,
        0.24444783337910247
    ],
    "latFeature_24": [
        0.032920891550292694,
        0.13692103061089034
    ],
    "latFeature_25": [
        0.02133260437156279,
        0.1296530225554842
    ],
    "latFeature_26": [
        0.03363677247471499,
        0.14500724277416285
    ],
    "latFeature_27": [
        0.03527519826269862,
        0.16437820863557526
    ],
    "latFeature_28": [
        0.16513234111262118,
        0.22679704166846837
    ],
    "latFeature_29": [
        0.03403597317052878,
        0.11317214175585957
    ],
    "latFeature_3": [
        0.04534585588760479,
        0.12641527482776613
    ],
    "latFeature_30": [
        0.05529051950303901,
        0.13772447758818698
    ],
    "latFeature_31": [
        0.12509068430665568,
        0.14469478634648186
    ],
    "latFeature_32": [
        0.03344487905267178,
        0.12518783387842952
    ],
    "latFeature_33": [
        0.04433369705795356,
        0.12204962145105336
    ],
    "latFeature_34": [
        0.0927935592595484,
        0.17052606426661832
    ],
    "latFeature_35": [
        0.12736074929753394,
        0.18881971361512162
    ],
    "latFeature_36": [
        0.05454001873232619,
        0.11621284110579518
    ],
    "latFeature_37": [
        0.05087383956393478,
        0.12144969730047675
    ],
    "latFeature_4": [
        0.05157644684744085,
        0.1393201442991001
    ],
    "latFeature_5": [
        0.03361230184040841,
        0.14452900911815766
    ],
    "latFeature_6": [
        0.04732209249215536,
        0.24055531235155223
    ],
    "latFeature_7": [
        0.053321818592671044,
        0.13059148011998115
    ],
    "latFeature_8": [
        0.03746888488310542,
        0.11665317244670848
    ],
    "latFeature_9": [
        0.02501507991703266,
        0.11025713102281275
    ]
}