{
    "latFeature_0": [
        0.0894921106779652,
        0.335771595586037
    ],
    "latFeature_1": [
        0.08725292253511346,
        0.24631621190313857
    ],
    "latFeature_10": [
        0.0552106506788214,
        0.14425796804861946
    ],
    "latFeature_11": [
        0.024922561274604786,
        0.20047242973362053
    ],
    "latFeature_12": [
        0.12885625052979072,
        0.22809184087114842
    ],
    "latFeature_13": [
        0.05907175642421942,
        0.22222474971510897
    ],
    "latFeature_14": [
        0.03491509830673357,
        0.2022071739805289
    ],
    "latFeature_15": [
        0.08437631347000828,
        0.19853983827932387
    ],
    "latFeature_16": [
        0.05883814153812821,
        0.19448461133202188
    ],
    "latFeature_17": [
        0.02613418418161964,
        0.21619811911667922
    ],
    "latFeature_18": [
        0.022167454346412516,
        0.21049080934674888
    ],
    "latFeature_19": [
        0.05174152319734951,
        0.20044914698299132
    ],
    "latFeature_2": [
        0.09346148603888225,
        0.2163470703057574
    ],
    "latFeature_20": [
        0.06340286896127716,
        0.21493727704061316
    ],
    "latFeature_21": [
        0.05618949450197755,
        0.20411946558326458
    ],
    "latFeature_22": [
        0.0369816500503265,
        0.14735248349642785
    ],
    "latFeature_23": [
        0.020104060664996905,
        0.14958346862782776
    ],
    "latFeature_24": [
        0.03393556987053224,
        0.18314616666282937
    ],
    "latFeature_25": [
        0.04024073751993249,
        0.2555239903470906
    ],
    "latFeature_26": [
        0.06556253684668147,
        0.25030646269681756
    ],
    "latFeature_27": [
        0.026006746419709823,
        0.27915011543417245
    ],
    "latFeature_28": [
        0.07691689209690572,
        0.16074151228789607
    ],
    "latFeature_29": [
        0.09457583390258445,
        0.14971643156731693
    ],
    "latFeature_3": [
        0.16111125188470035,
        0.23360213768570345
    ],
    "latFeature_30": [
        0.04001836243562789,
        0.13925523088297223
    ],
    "latFeature_31": [
        0.08615451030830323,
        0.2221401458851731
    ],
    "latFeature_32": [
        0.07164523864380591,
        0.2060150742004798
    ],
    "latFeature_33": [
        0.02733065611648965,
        0.31882547155511015
    ],
    "latFeature_34": [
        0.021602087892242307,
        0.1889068073131279
    ],
    "latFeature_35": [
        0.05748790286628202,
        0.24159541691354988
    ],
    "latFeature_36": [
        0.05893730820166071,
        0.2185006004448396
    ],
    "latFeature_37": [
        0.07920317407626483,
        0.21226478580073221
    ],
    "latFeature_38": [
        0.03961691617704865,
        0.16538874507642007
    ],
    "latFeature_39": [
        0.030505236693680427,
        0.21564375370430597
    ],
    "latFeature_4": [
        0.022946334013662403,
        0.1476406284975519
    ],
    "latFeature_40": [
        0.1232054685230609,
        0.15561765146903447
    ],
    "latFeature_41": [
        0.058683140299373285,
        0.1207743889718926
    ],
    "latFeature_42": [
        0.019657720391896435,
        0.30407379265796575
    ],
    "latFeature_43": [
        0.05966301233586407,
        0.1631281416307714
    ],
    "latFeature_44": [
        0.02643400793054874,
        0.1403188746807949
    ],
    "latFeature_45": [
        0.05850534015496062,
        0.2644772560456386
    ],
    "latFeature_46": [
        0.027274979714915066,
        0.17935046649962635
    ],
    "latFeature_47": [
        0.08404819988548673,
        0.1536891157717619
    ],
    "latFeature_48": [
        0.08120443979249278,
        0.1199062947320725
    ],
    "latFeature_49": [
        0.04571932475563045,
        0.2403639535570682
    ],
    "latFeature_5": [
        0.04129456639419037,
        0.18362335023784926
    ],
    "latFeature_50": [
        0.04580408841869273,
        0.14240703805268615
    ],
    "latFeature_51": [
        0.03000656601309683,
        0.1550252272636184
    ],
    "latFeature_52": [
        0.052137281721694455,
        0.26602697984914064
    ],
    "latFeature_53": [
        0.029392033127235404,
        0.29624232387275856
    ],
    "latFeature_54": [
        0.04776034706517422,
        0.18519202079678704
    ],
    "latFeature_55": [
        0.029218185392025253,
        0.13222919484089504
    ],
    "latFeature_56": [
        0.0274651633534516,
        0.1745177389305999
    ],
    "latFeature_57": [
        0.07646272599188199,
        0.18781656723044862
    ],
    "latFeature_58": [
        0.037433626732691724,
        0.23738458930527806
    ],
    "latFeature_59": [
        0.13005454394480953,
        0.12114038353386018
    ],
    "latFeature_6": [
        0.02453638751103649,
        0.16312730211945992
    ],
    "latFeature_7": [
        0.036709690206368016,
        0.17368118924698597
    ],
    "latFeature_8": [
        0.04354851174978431,
        0.16309540075403264
    ],
    "latFeature_9": [
        0.19707741340701782,
        0.20675004899513783
    ]
}