{
    "latFeature_0": 0.047456978119170753,
    "latFeature_1": 0.11243514487232165,
    "latFeature_10": 0.04814676211438165,
    "latFeature_11": 0.021984192356338136,
    "latFeature_12": 0.06454132498969584,
    "latFeature_13": 0.030778849882040667,
    "latFeature_14": 0.011110232337125136,
    "latFeature_15": 0.06899865418979075,
    "latFeature_16": 0.03240017181103101,
    "latFeature_17": 0.018509970119541124,
    "latFeature_18": 0.016248632809862672,
    "latFeature_19": 0.04010604444324417,
    "latFeature_2": 0.046987359157714424,
    "latFeature_20": 0.023675907296631875,
    "latFeature_21": 0.04083038997631811,
    "latFeature_22": 0.03160869651883331,
    "latFeature_23": 0.017469233801248332,
    "latFeature_24": 0.028103320672557882,
    "latFeature_25": 0.04234633940266089,
    "latFeature_26": 0.053600299511894635,
    "latFeature_27": 0.02028099977044709,
    "latFeature_28": 0.04976750533855197,
    "latFeature_29": 0.09437015053398379,
    "latFeature_3": 0.08300488619769714,
    "latFeature_30": 0.034483026909131125,
    "latFeature_31": 0.046072073184297554,
    "latFeature_32": 0.09240112345895729,
    "latFeature_33": 0.02053906996991378,
    "latFeature_34": 0.020761581973216255,
    "latFeature_35": 0.03835919179370845,
    "latFeature_36": 0.0394237675355598,
    "latFeature_37": 0.0494870264024429,
    "latFeature_38": 0.02345561366180619,
    "latFeature_39": 0.021190498695663636,
    "latFeature_4": 0.023322800905608742,
    "latFeature_40": 0.08796703890246702,
    "latFeature_41": 0.04903880344419389,
    "latFeature_42": 0.02327499345742051,
    "latFeature_43": 0.04081756201947406,
    "latFeature_44": 0.019345909232077994,
    "latFeature_45": 0.048623164782339474,
    "latFeature_46": 0.02249261669100442,
    "latFeature_47": 0.0522034829028091,
    "latFeature_48": 0.07511820045949162,
    "latFeature_49": 0.0259676748347637,
    "latFeature_5": 0.02023338522386553,
    "latFeature_50": 0.02516777617240774,
    "latFeature_51": 0.02381035971648608,
    "latFeature_52": 0.054404811737676965,
    "latFeature_53": 0.022162979995460384,
    "latFeature_54": 0.0319377705846912,
    "latFeature_55": 0.02118313628434211,
    "latFeature_56": 0.024019770485668376,
    "latFeature_57": 0.05638404652272348,
    "latFeature_58": 0.01210589397999096,
    "latFeature_59": 0.123612732020445,
    "latFeature_6": 0.024248310664179522,
    "latFeature_7": 0.032558833382523245,
    "latFeature_8": 0.03691731658432983,
    "latFeature_9": 0.14173583796779443
}