{
    "latFeature_0": [
        0.12403879054512253,
        0.1600384671856887
    ],
    "latFeature_1": [
        0.059743736452271906,
        0.1568152319615651
    ],
    "latFeature_10": [
        0.08473469899303772,
        0.2541349379047157
    ],
    "latFeature_11": [
        0.024081414729157282,
        0.17603759206807507
    ],
    "latFeature_12": [
        0.04945097808028985,
        0.15599101814709243
    ],
    "latFeature_13": [
        0.06811631287211432,
        0.2252591678096215
    ],
    "latFeature_14": [
        0.1690822013156698,
        0.24850422758903132
    ],
    "latFeature_15": [
        0.07275115462606116,
        0.1464354465575608
    ],
    "latFeature_16": [
        0.11691769001969646,
        0.18918578145900006
    ],
    "latFeature_17": [
        0.04240997940892166,
        0.19945907899019943
    ],
    "latFeature_18": [
        0.10341176158025506,
        0.15954558945112465
    ],
    "latFeature_19": [
        0.09125205603963987,
        0.3936160024772126
    ],
    "latFeature_2": [
        0.11062077434108632,
        0.2857579695100972
    ],
    "latFeature_20": [
        0.04023513600468639,
        0.1396668274780287
    ],
    "latFeature_21": [
        0.04721984824758757,
        0.16377301410866923
    ],
    "latFeature_22": [
        0.04319124998971328,
        0.10810365575908781
    ],
    "latFeature_23": [
        0.03647782625812903,
        0.15425309768209994
    ],
    "latFeature_24": [
        0.03890362851329719,
        0.138247417885953
    ],
    "latFeature_25": [
        0.16351874133947217,
        0.2684680906144332
    ],
    "latFeature_26": [
        0.06588459321717861,
        0.4024181035846248
    ],
    "latFeature_27": [
        0.28491062976289444,
        0.3110433027553791
    ],
    "latFeature_28": [
        0.0861477884334227,
        0.11301728953455016
    ],
    "latFeature_29": [
        0.10953650753369605,
        0.1946176372759745
    ],
    "latFeature_3": [
        0.05179267966133045,
        0.1454874004145249
    ],
    "latFeature_30": [
        0.08242728399372405,
        0.17382459368925174
    ],
    "latFeature_31": [
        0.03151580766848489,
        0.1200240754889866
    ],
    "latFeature_32": [
        0.03850402196967097,
        0.176096382395498
    ],
    "latFeature_33": [
        0.05322046898526651,
        0.2723120169142519
    ],
    "latFeature_34": [
        0.02733934502188502,
        0.45847648427350335
    ],
    "latFeature_35": [
        0.367686092946572,
        0.2733743567176387
    ],
    "latFeature_36": [
        0.06029342073234017,
        0.1569932695086566
    ],
    "latFeature_37": [
        0.05063239997177767,
        0.13477467227851134
    ],
    "latFeature_38": [
        0.043255190084090706,
        0.1300587153759046
    ],
    "latFeature_39": [
        0.04151663772234286,
        0.15443944421774494
    ],
    "latFeature_4": [
        0.15616877919200048,
        0.1800742823880414
    ],
    "latFeature_40": [
        0.2583293150105317,
        0.3322748955122576
    ],
    "latFeature_41": [
        0.2765380531574874,
        0.22270559448509453
    ],
    "latFeature_42": [
        0.0249562934494445,
        0.31392229169426367
    ],
    "latFeature_43": [
        0.156651607777043,
        0.23708446802015581
    ],
    "latFeature_44": [
        0.04419535300577552,
        0.362330784920864
    ],
    "latFeature_45": [
        0.18195887309274142,
        0.3089538047904869
    ],
    "latFeature_46": [
        0.047047399271368445,
        0.11904094231093351
    ],
    "latFeature_47": [
        0.03688279627501478,
        0.1369969366033656
    ],
    "latFeature_48": [
        0.019636496996964986,
        0.22865204234211253
    ],
    "latFeature_49": [
        0.06997996818724446,
        0.13131968422726792
    ],
    "latFeature_5": [
        0.05488474195990447,
        0.3720855538814755
    ],
    "latFeature_50": [
        0.07764819227165203,
        0.2468306120272549
    ],
    "latFeature_51": [
        0.07682133299857079,
        0.2578635615012707
    ],
    "latFeature_52": [
        0.06285020357836738,
        0.12458196574678151
    ],
    "latFeature_53": [
        0.22000541735685605,
        0.3205207210980392
    ],
    "latFeature_54": [
        0.18792683350578968,
        0.3089903900259537
    ],
    "latFeature_55": [
        0.028341850207703866,
        0.15997477581333933
    ],
    "latFeature_56": [
        0.21148806494548894,
        0.2189466520360627
    ],
    "latFeature_57": [
        0.06762460609235056,
        0.12188428228375076
    ],
    "latFeature_58": [
        0.057006102796131705,
        0.16822764546616162
    ],
    "latFeature_59": [
        0.14568140951062097,
        0.24157640185226134
    ],
    "latFeature_6": [
        0.10472594542741724,
        0.2067578467982888
    ],
    "latFeature_60": [
        0.03582657765806097,
        0.13166635704987167
    ],
    "latFeature_61": [
        0.046229571772882706,
        0.21594959287523868
    ],
    "latFeature_62": [
        0.10592270213897188,
        0.19274415136767534
    ],
    "latFeature_63": [
        0.08045409910506603,
        0.17517073653046442
    ],
    "latFeature_64": [
        0.06760613480130302,
        0.2337935393695693
    ],
    "latFeature_65": [
        0.18033215789772802,
        0.17060155170948024
    ],
    "latFeature_66": [
        0.032548815617411624,
        0.17694933892174355
    ],
    "latFeature_67": [
        0.05901711674660792,
        0.2739846234638004
    ],
    "latFeature_68": [
        0.171759150303262,
        0.20481480018704495
    ],
    "latFeature_69": [
        0.08111290594665974,
        0.2495555213237275
    ],
    "latFeature_7": [
        0.04921626345844511,
        0.15568722589119288
    ],
    "latFeature_70": [
        0.0320614293149587,
        0.18450151203172105
    ],
    "latFeature_71": [
        0.11639977945032329,
        0.18264683900713855
    ],
    "latFeature_72": [
        0.022848879263086985,
        0.13370332934084284
    ],
    "latFeature_73": [
        0.075958076535734,
        0.2342120916305906
    ],
    "latFeature_74": [
        0.1925756815303254,
        0.23059761362430695
    ],
    "latFeature_75": [
        0.020342054594691447,
        0.19185995592062902
    ],
    "latFeature_76": [
        0.028717178642353434,
        0.4199282880516268
    ],
    "latFeature_77": [
        0.059827869527051866,
        0.25849666375229535
    ],
    "latFeature_78": [
        0.04182395846926644,
        0.13528001515535404
    ],
    "latFeature_79": [
        0.02521645273658057,
        0.2029403875987507
    ],
    "latFeature_8": [
        0.20146317378790243,
        0.23050033842183326
    ],
    "latFeature_80": [
        0.02674139813865555,
        0.13351365957580014
    ],
    "latFeature_81": [
        0.1578416199624311,
        0.30122324135496165
    ],
    "latFeature_82": [
        0.22001761549832355,
        0.2112275744960393
    ],
    "latFeature_83": [
        0.05060217118628049,
        0.1222810718090149
    ],
    "latFeature_84": [
        0.04981134911244821,
        0.12863583228316472
    ],
    "latFeature_85": [
        0.07299213509827701,
        0.13907003632901435
    ],
    "latFeature_86": [
        0.1304698902651199,
        0.1559794809252102
    ],
    "latFeature_87": [
        0.02327770011592306,
        0.11168520765813857
    ],
    "latFeature_9": [
        0.05711063234816341,
        0.19517040568705799
    ]
}