{
    "latFeature_0": 0.08853661304645005,
    "latFeature_1": 0.043823194103383686,
    "latFeature_10": 0.03548865513500862,
    "latFeature_11": 0.011173279012240894,
    "latFeature_12": 0.025837723452398632,
    "latFeature_13": 0.025599570343821394,
    "latFeature_14": 0.1510682569475121,
    "latFeature_15": 0.05132452673198315,
    "latFeature_16": 0.04555234803050674,
    "latFeature_17": 0.01761188453938633,
    "latFeature_18": 0.07134684544787573,
    "latFeature_19": 0.06191204394041398,
    "latFeature_2": 0.050116223218023184,
    "latFeature_20": 0.02719870858804383,
    "latFeature_21": 0.015746011598530604,
    "latFeature_22": 0.03968294691926489,
    "latFeature_23": 0.024428995169100763,
    "latFeature_24": 0.020734672199084748,
    "latFeature_25": 0.10120563504173426,
    "latFeature_26": 0.0744739733937244,
    "latFeature_27": 0.37789186836137156,
    "latFeature_28": 0.07356450661877562,
    "latFeature_29": 0.0692338012483306,
    "latFeature_3": 0.02882126830234369,
    "latFeature_30": 0.049729262595028155,
    "latFeature_31": 0.024604101602562246,
    "latFeature_32": 0.020079803394682474,
    "latFeature_33": 0.020255247405955645,
    "latFeature_34": 0.004379638078005552,
    "latFeature_35": 0.448093617721742,
    "latFeature_36": 0.034391077143281525,
    "latFeature_37": 0.03541715293946683,
    "latFeature_38": 0.024189604275214008,
    "latFeature_39": 0.022333730067637732,
    "latFeature_4": 0.09637516983378955,
    "latFeature_40": 0.2480802432103457,
    "latFeature_41": 0.21646498803688535,
    "latFeature_42": 0.030531919750359602,
    "latFeature_43": 0.13340924011556093,
    "latFeature_44": 0.013472859065443156,
    "latFeature_45": 0.07516237492742077,
    "latFeature_46": 0.031211769312826605,
    "latFeature_47": 0.030989594887335818,
    "latFeature_48": 0.014102120181558993,
    "latFeature_49": 0.07206090289526021,
    "latFeature_5": 0.023940118197244467,
    "latFeature_50": 0.028725364053557204,
    "latFeature_51": 0.052081022532836675,
    "latFeature_52": 0.050773213940098906,
    "latFeature_53": 0.2658717834460843,
    "latFeature_54": 0.073541551327581,
    "latFeature_55": 0.014676468640307305,
    "latFeature_56": 0.11588592956390734,
    "latFeature_57": 0.05121736988947381,
    "latFeature_58": 0.0419528522753066,
    "latFeature_59": 0.06862892611032557,
    "latFeature_6": 0.05289249529159328,
    "latFeature_60": 0.025480694728706395,
    "latFeature_61": 0.012826092128521338,
    "latFeature_62": 0.0355039586624717,
    "latFeature_63": 0.023597782145927493,
    "latFeature_64": 0.029731988937735862,
    "latFeature_65": 0.1173215997716045,
    "latFeature_66": 0.02088622856139769,
    "latFeature_67": 0.024614309312582263,
    "latFeature_68": 0.07126917040092026,
    "latFeature_69": 0.045344705526052326,
    "latFeature_7": 0.02640048173961241,
    "latFeature_70": 0.01648797547834776,
    "latFeature_71": 0.052252624587110184,
    "latFeature_72": 0.011994879105348069,
    "latFeature_73": 0.04544961184981709,
    "latFeature_74": 0.09873041807565215,
    "latFeature_75": 0.013055870092342,
    "latFeature_76": 0.013634671363177784,
    "latFeature_77": 0.025225743105214322,
    "latFeature_78": 0.025715745336442906,
    "latFeature_79": 0.02161758285284758,
    "latFeature_8": 0.07983467689302384,
    "latFeature_80": 0.017360115792404436,
    "latFeature_81": 0.04549595646082136,
    "latFeature_82": 0.1225151540287179,
    "latFeature_83": 0.03690873246283268,
    "latFeature_84": 0.03251430526164852,
    "latFeature_85": 0.0452565816420685,
    "latFeature_86": 0.07198038254960626,
    "latFeature_87": 0.01914181933221322,
    "latFeature_9": 0.027095859881416953
}