{
    "latFeature_0": [
        0.013571799838818824,
        0.10154448733109485
    ],
    "latFeature_1": [
        0.04792661630716695,
        0.1827007215342796
    ],
    "latFeature_10": [
        0.026138803384801165,
        0.2125844825703842
    ],
    "latFeature_11": [
        0.11008468467551674,
        0.22238995534561734
    ],
    "latFeature_12": [
        0.01233755230778882,
        0.1179730360426095
    ],
    "latFeature_13": [
        0.016989489266009936,
        0.1060121067293414
    ],
    "latFeature_14": [
        0.04739730407303637,
        0.10639106444569653
    ],
    "latFeature_15": [
        0.02332062074017553,
        0.12078473573528818
    ],
    "latFeature_16": [
        0.04144909454276074,
        0.1301476331430943
    ],
    "latFeature_17": [
        0.05160189223368591,
        0.09555123708204219
    ],
    "latFeature_18": [
        0.055068553814564034,
        0.1375505776327619
    ],
    "latFeature_19": [
        0.017143429609934292,
        0.10333587695952477
    ],
    "latFeature_2": [
        0.03449414463637198,
        0.1060017443165569
    ],
    "latFeature_20": [
        0.026002475665416636,
        0.1297577864482152
    ],
    "latFeature_21": [
        0.01650123727915895,
        0.09949873871949873
    ],
    "latFeature_22": [
        0.026148175449106918,
        0.10562560391617681
    ],
    "latFeature_23": [
        0.024599546643156014,
        0.09408287547072161
    ],
    "latFeature_24": [
        0.03281727097850122,
        0.10693515675004363
    ],
    "latFeature_25": [
        0.0265316356259001,
        0.150303810622515
    ],
    "latFeature_26": [
        0.03100955121056213,
        0.1107227007203217
    ],
    "latFeature_27": [
        0.0123117475576291,
        0.10886625767897531
    ],
    "latFeature_28": [
        0.019375248051442532,
        0.10040718442103758
    ],
    "latFeature_29": [
        0.017112235604898066,
        0.09737376488440375
    ],
    "latFeature_3": [
        0.013418315238480144,
        0.0930835579763442
    ],
    "latFeature_30": [
        0.05577140499007349,
        0.12074211966329457
    ],
    "latFeature_31": [
        0.01890261282333861,
        0.09969625813907987
    ],
    "latFeature_32": [
        0.0149521321532318,
        0.10095517583294139
    ],
    "latFeature_33": [
        0.020440071577966182,
        0.13588669916532073
    ],
    "latFeature_34": [
        0.045200647418584254,
        0.15381535476282424
    ],
    "latFeature_35": [
        0.01836367386159283,
        0.09367571061447161
    ],
    "latFeature_36": [
        0.040932046362175,
        0.16125446701999324
    ],
    "latFeature_37": [
        0.09649172622909388,
        0.17409783823684208
    ],
    "latFeature_38": [
        0.023553931344747918,
        0.0972052699994082
    ],
    "latFeature_39": [
        0.02542152980646822,
        0.10068155922356603
    ],
    "latFeature_4": [
        0.04238538961369384,
        0.14352369431542863
    ],
    "latFeature_40": [
        0.021556579592584096,
        0.1305894891867915
    ],
    "latFeature_41": [
        0.01904657733630279,
        0.10810145880660223
    ],
    "latFeature_42": [
        0.04020411330231983,
        0.22518255010375976
    ],
    "latFeature_43": [
        0.021187650472625497,
        0.10956104222706375
    ],
    "latFeature_44": [
        0.02645419928826054,
        0.18722907886321769
    ],
    "latFeature_45": [
        0.03223666620601211,
        0.1879790914515542
    ],
    "latFeature_46": [
        0.026256819405737382,
        0.11096710264117747
    ],
    "latFeature_47": [
        0.030989321214897152,
        0.11475411700852091
    ],
    "latFeature_48": [
        0.031006970307637105,
        0.12420436180834067
    ],
    "latFeature_49": [
        0.02042691873973231,
        0.17701081000006313
    ],
    "latFeature_5": [
        0.023900486093190502,
        0.0978672568796439
    ],
    "latFeature_50": [
        0.1041878176724153,
        0.21025511403851926
    ],
    "latFeature_51": [
        0.031248908703196375,
        0.11564683757695506
    ],
    "latFeature_6": [
        0.08057770880380045,
        0.21410178863422397
    ],
    "latFeature_7": [
        0.02873874718187364,
        0.08826943582404138
    ],
    "latFeature_8": [
        0.09711576924984403,
        0.16370693311436008
    ],
    "latFeature_9": [
        0.026314450551226394,
        0.10374403357428444
    ]
}