{
    "latFeature_0": 0.01115366734889535,
    "latFeature_1": 0.016230837636646678,
    "latFeature_10": 0.014145410517124197,
    "latFeature_11": 0.03327666848637183,
    "latFeature_12": 0.013743532169879443,
    "latFeature_13": 0.011431493887912592,
    "latFeature_14": 0.03748814458875628,
    "latFeature_15": 0.014356187672687126,
    "latFeature_16": 0.02438771422527178,
    "latFeature_17": 0.04010585154163749,
    "latFeature_18": 0.02815707592028534,
    "latFeature_19": 0.012773655041772844,
    "latFeature_2": 0.02140191885658216,
    "latFeature_20": 0.019792508601804145,
    "latFeature_21": 0.013371360670063021,
    "latFeature_22": 0.02033591242781461,
    "latFeature_23": 0.02102987595783685,
    "latFeature_24": 0.023088827331842844,
    "latFeature_25": 0.016637409922987248,
    "latFeature_26": 0.020688231137277142,
    "latFeature_27": 0.011746743338625267,
    "latFeature_28": 0.01521776662377821,
    "latFeature_29": 0.014954825658742912,
    "latFeature_3": 0.013047253820577072,
    "latFeature_30": 0.03326308499823495,
    "latFeature_31": 0.01312468774052419,
    "latFeature_32": 0.013233966500706984,
    "latFeature_33": 0.013315290603055432,
    "latFeature_34": 0.02782608891349456,
    "latFeature_35": 0.01635072598519673,
    "latFeature_36": 0.024176261914085482,
    "latFeature_37": 0.038922416259805026,
    "latFeature_38": 0.019351310477064964,
    "latFeature_39": 0.020103691043642704,
    "latFeature_4": 0.02527888749785397,
    "latFeature_40": 0.010930206912693377,
    "latFeature_41": 0.015018322437607583,
    "latFeature_42": 0.01728470733932743,
    "latFeature_43": 0.014242600776621869,
    "latFeature_44": 0.016144465942256832,
    "latFeature_45": 0.017033983476048373,
    "latFeature_46": 0.021205962974465614,
    "latFeature_47": 0.019209495645889234,
    "latFeature_48": 0.02307559749665155,
    "latFeature_49": 0.016085100472801837,
    "latFeature_5": 0.018814208103539294,
    "latFeature_50": 0.04164723182979391,
    "latFeature_51": 0.019707631894866053,
    "latFeature_6": 0.029038314760123637,
    "latFeature_7": 0.022698281953990394,
    "latFeature_8": 0.039474982912132674,
    "latFeature_9": 0.02042021042993267
}