{
    "latFeature_0": 0.019047811949225724,
    "latFeature_1": 0.09493520756534381,
    "latFeature_10": 0.02116188495733981,
    "latFeature_11": 0.0979149265334231,
    "latFeature_12": 0.05780494368237593,
    "latFeature_13": 0.11747174152213513,
    "latFeature_14": 0.034257958959540175,
    "latFeature_15": 0.048468329092713015,
    "latFeature_16": 0.03981006907806535,
    "latFeature_17": 0.04876549401779967,
    "latFeature_18": 0.23300867992929514,
    "latFeature_19": 0.11975878297090337,
    "latFeature_2": 0.16752683100597543,
    "latFeature_20": 0.08163702090474712,
    "latFeature_21": 0.26562769861310176,
    "latFeature_22": 0.01787143365117088,
    "latFeature_23": 0.059248635381884095,
    "latFeature_24": 0.02610177360167233,
    "latFeature_25": 0.142423483970198,
    "latFeature_26": 0.35798107892440634,
    "latFeature_27": 0.04405670149826678,
    "latFeature_28": 0.10840371026950282,
    "latFeature_29": 0.04029081203217342,
    "latFeature_3": 0.06470961556638805,
    "latFeature_30": 0.04713341782423706,
    "latFeature_31": 0.031288286950142005,
    "latFeature_32": 0.025813064197011695,
    "latFeature_33": 0.38860150836196317,
    "latFeature_34": 0.048468039740303,
    "latFeature_35": 0.2829613225848558,
    "latFeature_36": 0.36280876313418814,
    "latFeature_37": 0.046644299725372415,
    "latFeature_38": 0.016950971484641496,
    "latFeature_39": 0.0409211019568582,
    "latFeature_4": 0.14690470081925314,
    "latFeature_40": 0.04498365801888764,
    "latFeature_41": 0.028559725873956804,
    "latFeature_42": 0.5314715756267534,
    "latFeature_43": 0.039509592675397394,
    "latFeature_44": 0.2116451484924418,
    "latFeature_45": 0.033301938596846575,
    "latFeature_46": 0.41484233187178216,
    "latFeature_47": 0.0159913181416888,
    "latFeature_48": 0.027587807203846203,
    "latFeature_49": 0.2933922519140662,
    "latFeature_5": 0.08770361568341503,
    "latFeature_50": 0.04135373203523412,
    "latFeature_51": 0.08163838729112775,
    "latFeature_52": 0.017998170006757987,
    "latFeature_53": 0.05612322747536164,
    "latFeature_54": 0.01390537661788185,
    "latFeature_55": 0.005474933400720295,
    "latFeature_56": 0.0434993123057722,
    "latFeature_57": 0.04211572553187796,
    "latFeature_58": 0.009926684529355445,
    "latFeature_59": 0.028989205226090328,
    "latFeature_6": 0.015444538537561479,
    "latFeature_60": 0.10357221625298917,
    "latFeature_61": 0.170864157402567,
    "latFeature_62": 0.43464596446623804,
    "latFeature_63": 0.435626290431373,
    "latFeature_64": 0.04237868257204715,
    "latFeature_65": 0.039748308413660775,
    "latFeature_66": 0.08567212063809279,
    "latFeature_67": 0.3661089559714943,
    "latFeature_68": 0.03816712609399324,
    "latFeature_69": 0.036709497253402626,
    "latFeature_7": 0.5095972085851503,
    "latFeature_70": 0.08068681974052161,
    "latFeature_71": 0.21663191222719694,
    "latFeature_72": 0.19545327698034398,
    "latFeature_73": 0.028192409064575097,
    "latFeature_74": 0.041782729133350946,
    "latFeature_75": 0.30615116605806214,
    "latFeature_76": 0.1460126594894409,
    "latFeature_77": 0.02674206225963656,
    "latFeature_78": 0.07822129608017506,
    "latFeature_79": 0.10036265502055366,
    "latFeature_8": 0.20341982398371397,
    "latFeature_80": 0.04831442576085216,
    "latFeature_81": 0.012927783425508151,
    "latFeature_82": 0.037757901410560846,
    "latFeature_83": 0.03006702687826687,
    "latFeature_84": 0.06254929439807304,
    "latFeature_85": 0.02856009560203627,
    "latFeature_86": 0.36423715130623324,
    "latFeature_87": 0.044666013373225386,
    "latFeature_9": 0.02402851535850442
}