{
    "latFeature_0": [
        0.02123638442300535,
        0.18446428885189614
    ],
    "latFeature_1": [
        0.1225764214645483,
        0.1702297837225836
    ],
    "latFeature_10": [
        0.024808501183601273,
        0.1988496363737587
    ],
    "latFeature_11": [
        0.09904910323172374,
        0.19733802808175385
    ],
    "latFeature_12": [
        0.0865517820082945,
        0.13388576883364717
    ],
    "latFeature_13": [
        0.1812994381057992,
        0.23073150989417793
    ],
    "latFeature_14": [
        0.04885786929830619,
        0.17118731335586618
    ],
    "latFeature_15": [
        0.06572328148435667,
        0.12315228360937482
    ],
    "latFeature_16": [
        0.04060203816687589,
        0.1835343650428689
    ],
    "latFeature_17": [
        0.05449821480435603,
        0.3207727198325848
    ],
    "latFeature_18": [
        0.2196108726814892,
        0.27318496541548054
    ],
    "latFeature_19": [
        0.1420421687056179,
        0.2968001179137376
    ],
    "latFeature_2": [
        0.21743949347732178,
        0.17313936051509224
    ],
    "latFeature_20": [
        0.14835475556831743,
        0.20162047116560594
    ],
    "latFeature_21": [
        0.19240683794500163,
        0.35366936664356846
    ],
    "latFeature_22": [
        0.01668514446260777,
        0.1610065213686404
    ],
    "latFeature_23": [
        0.07378581270137327,
        0.31529362333359023
    ],
    "latFeature_24": [
        0.035305669952494866,
        0.16448836583389775
    ],
    "latFeature_25": [
        0.20021833355905036,
        0.21344417804520227
    ],
    "latFeature_26": [
        0.2245650393846968,
        0.34679670632124726
    ],
    "latFeature_27": [
        0.06310030555261856,
        0.13345045484897353
    ],
    "latFeature_28": [
        0.09719414544887928,
        0.27871555736234993
    ],
    "latFeature_29": [
        0.057894415937798295,
        0.137797138401946
    ],
    "latFeature_3": [
        0.07994232121830505,
        0.1253643068407709
    ],
    "latFeature_30": [
        0.06754702324908077,
        0.3998257260990626
    ],
    "latFeature_31": [
        0.04910291170912369,
        0.16596448265970562
    ],
    "latFeature_32": [
        0.07170538998597509,
        0.32237168869273963
    ],
    "latFeature_33": [
        0.35673187758680813,
        0.2025970232191745
    ],
    "latFeature_34": [
        0.1409518684163072,
        0.3245307652884722
    ],
    "latFeature_35": [
        0.2749027763699186,
        0.26374312823872637
    ],
    "latFeature_36": [
        0.29850726779457026,
        0.3114435568952717
    ],
    "latFeature_37": [
        0.06374336900972559,
        0.12380642923720918
    ],
    "latFeature_38": [
        0.03408243752912814,
        0.17233920926477558
    ],
    "latFeature_39": [
        0.059509678223549294,
        0.13131195604436338
    ],
    "latFeature_4": [
        0.21653393307554392,
        0.22636780605798076
    ],
    "latFeature_40": [
        0.05066505348481401,
        0.14068636874179533
    ],
    "latFeature_41": [
        0.06366978800618527,
        0.19638162664924577
    ],
    "latFeature_42": [
        0.24907334001471698,
        0.44751204415160406
    ],
    "latFeature_43": [
        0.05009646485856862,
        0.1955033113808048
    ],
    "latFeature_44": [
        0.2668506149468828,
        0.2189647975593806
    ],
    "latFeature_45": [
        0.0815805863282671,
        0.2434678586243751
    ],
    "latFeature_46": [
        0.2260258816558041,
        0.4266799436396654
    ],
    "latFeature_47": [
        0.038936790814858194,
        0.2861577249789523
    ],
    "latFeature_48": [
        0.04503669605479997,
        0.1457142443030578
    ],
    "latFeature_49": [
        0.2667469933765235,
        0.28188402251687233
    ],
    "latFeature_5": [
        0.13793469524538268,
        0.24386502098639967
    ],
    "latFeature_50": [
        0.04831728662875053,
        0.1946220756269724
    ],
    "latFeature_51": [
        0.10913297934191912,
        0.426019188569318
    ],
    "latFeature_52": [
        0.023888234465781515,
        0.1360981985358287
    ],
    "latFeature_53": [
        0.06386888184440967,
        0.09168315588446625
    ],
    "latFeature_54": [
        0.043051996624689566,
        0.334175675445699
    ],
    "latFeature_55": [
        0.044901232695356896,
        0.30496957589066553
    ],
    "latFeature_56": [
        0.0722742975650582,
        0.2005284611508956
    ],
    "latFeature_57": [
        0.16521182938934034,
        0.36231048836435314
    ],
    "latFeature_58": [
        0.023920143419553133,
        0.2392449405339193
    ],
    "latFeature_59": [
        0.028463407014171233,
        0.12486017120578065
    ],
    "latFeature_6": [
        0.04343943632316898,
        0.2571249331187982
    ],
    "latFeature_60": [
        0.17432413132897773,
        0.22697411323128266
    ],
    "latFeature_61": [
        0.22997394381812478,
        0.2516153321479205
    ],
    "latFeature_62": [
        0.2761584269694131,
        0.3459351199045836
    ],
    "latFeature_63": [
        0.18537938395756662,
        0.4550868165618261
    ],
    "latFeature_64": [
        0.06377109012883214,
        0.1446492365472872
    ],
    "latFeature_65": [
        0.07399564649244342,
        0.17400137281228184
    ],
    "latFeature_66": [
        0.09189712738430672,
        0.17156918269656465
    ],
    "latFeature_67": [
        0.2553548375275413,
        0.35068117129773474
    ],
    "latFeature_68": [
        0.049878164211624415,
        0.15819854808403613
    ],
    "latFeature_69": [
        0.061715850748687545,
        0.17096672518148404
    ],
    "latFeature_7": [
        0.2678484063648844,
        0.4131780312591391
    ],
    "latFeature_70": [
        0.10167155654393022,
        0.21757176858470237
    ],
    "latFeature_71": [
        0.2562688584796894,
        0.20441621355159978
    ],
    "latFeature_72": [
        0.21686410054239105,
        0.20022720163667623
    ],
    "latFeature_73": [
        0.03181961861491425,
        0.12773605478362918
    ],
    "latFeature_74": [
        0.05120482768162687,
        0.20262796028489638
    ],
    "latFeature_75": [
        0.29499937227440437,
        0.22315861917657692
    ],
    "latFeature_76": [
        0.15670093494692744,
        0.32299804210991157
    ],
    "latFeature_77": [
        0.0511533640002107,
        0.19017287273574618
    ],
    "latFeature_78": [
        0.15151795693196327,
        0.2721347616141022
    ],
    "latFeature_79": [
        0.21043177749103315,
        0.20367901704929056
    ],
    "latFeature_8": [
        0.25805197473009966,
        0.24465936684411094
    ],
    "latFeature_80": [
        0.07591907125592885,
        0.14330724468030467
    ],
    "latFeature_81": [
        0.013801800865741582,
        0.1025329329326231
    ],
    "latFeature_82": [
        0.04938507828363781,
        0.27755953417539214
    ],
    "latFeature_83": [
        0.0415591424113553,
        0.2507839304601405
    ],
    "latFeature_84": [
        0.06709564131606731,
        0.1378911548978164
    ],
    "latFeature_85": [
        0.08982307558165745,
        0.22373427673492746
    ],
    "latFeature_86": [
        0.3255348688197611,
        0.2408987970256832
    ],
    "latFeature_87": [
        0.05944259725885516,
        0.13225919066486974
    ],
    "latFeature_9": [
        0.04867031661655276,
        0.1900050504753996
    ]
}