{
    "latFeature_0": 0.022909959317051153,
    "latFeature_1": 0.018070315207655365,
    "latFeature_10": 0.02042628683054301,
    "latFeature_11": 0.02969154390086915,
    "latFeature_12": 0.013532626413245395,
    "latFeature_13": 0.014125348750029739,
    "latFeature_14": 0.03668573820551351,
    "latFeature_15": 0.040628293393055674,
    "latFeature_16": 0.04478074160379682,
    "latFeature_17": 0.06954012899973444,
    "latFeature_18": 0.04351098285297618,
    "latFeature_19": 0.011521546787963197,
    "latFeature_2": 0.01770296624800588,
    "latFeature_20": 0.02180688362953375,
    "latFeature_21": 0.01289032836354494,
    "latFeature_22": 0.023849775944783845,
    "latFeature_23": 0.12865382970774764,
    "latFeature_24": 0.015670265567641912,
    "latFeature_25": 0.023379867630917497,
    "latFeature_26": 0.045948069601471714,
    "latFeature_27": 0.02013236908250209,
    "latFeature_28": 0.026053853627546864,
    "latFeature_29": 0.04063745621937285,
    "latFeature_3": 0.025545059564801114,
    "latFeature_30": 0.0291329972987345,
    "latFeature_31": 0.03737024955680856,
    "latFeature_32": 0.027133877573066303,
    "latFeature_33": 0.024221931369466376,
    "latFeature_34": 0.022726574189636424,
    "latFeature_35": 0.029368498010219925,
    "latFeature_36": 0.018001095681125928,
    "latFeature_37": 0.017304849482091336,
    "latFeature_38": 0.020733852367256368,
    "latFeature_39": 0.026339476606500656,
    "latFeature_4": 0.021487760071553636,
    "latFeature_40": 0.021626359875951406,
    "latFeature_41": 0.015017165027967518,
    "latFeature_42": 0.03428438647965498,
    "latFeature_43": 0.023346238450820057,
    "latFeature_44": 0.049955793381803074,
    "latFeature_45": 0.025407777921382307,
    "latFeature_46": 0.0304938216830408,
    "latFeature_47": 0.01583580729643897,
    "latFeature_48": 0.016913307445937716,
    "latFeature_49": 0.03256399350050186,
    "latFeature_5": 0.030287642015770347,
    "latFeature_6": 0.020853483513664187,
    "latFeature_7": 0.42003990491236803,
    "latFeature_8": 0.05210976487223162,
    "latFeature_9": 0.04173580581752665
}