{
    "latFeature_0": [
        0.05821021842051219,
        0.27432307390255495
    ],
    "latFeature_1": [
        0.03580404409477135,
        0.21421509507451475
    ],
    "latFeature_10": [
        0.018272689186247096,
        0.22296036319001983
    ],
    "latFeature_11": [
        0.03619470209866987,
        0.09147614073213527
    ],
    "latFeature_12": [
        0.014574554381034655,
        0.11013838619784462
    ],
    "latFeature_13": [
        0.014750373419233917,
        0.11952107545152203
    ],
    "latFeature_14": [
        0.07808845802042517,
        0.16543472620539362
    ],
    "latFeature_15": [
        0.06458132418190868,
        0.19139652158009193
    ],
    "latFeature_16": [
        0.04836009490029014,
        0.11143088265670498
    ],
    "latFeature_17": [
        0.11483776924313167,
        0.29665109225571695
    ],
    "latFeature_18": [
        0.08337760544357038,
        0.19424898065821566
    ],
    "latFeature_19": [
        0.024531781610953714,
        0.16940139743369478
    ],
    "latFeature_2": [
        0.029008440492036165,
        0.16155730964480183
    ],
    "latFeature_20": [
        0.01966048547833743,
        0.10127039724321944
    ],
    "latFeature_21": [
        0.019156906263890282,
        0.1229014141152236
    ],
    "latFeature_22": [
        0.026808216924773236,
        0.11583337004116662
    ],
    "latFeature_23": [
        0.25939020346587294,
        0.23482059412357853
    ],
    "latFeature_24": [
        0.02758950308883681,
        0.14590253063885153
    ],
    "latFeature_25": [
        0.029358289206297364,
        0.18407084411275895
    ],
    "latFeature_26": [
        0.07275353486160382,
        0.2211303913927812
    ],
    "latFeature_27": [
        0.025638319391724253,
        0.1663561250251626
    ],
    "latFeature_28": [
        0.04543169468083229,
        0.15970581343019194
    ],
    "latFeature_29": [
        0.053161440282376515,
        0.30211128570335816
    ],
    "latFeature_3": [
        0.051890325919150104,
        0.13738933908770756
    ],
    "latFeature_30": [
        0.04655303584369336,
        0.23403679951605705
    ],
    "latFeature_31": [
        0.06990728896893891,
        0.20092132238465105
    ],
    "latFeature_32": [
        0.028488561848674553,
        0.10572523028863576
    ],
    "latFeature_33": [
        0.027553901957163094,
        0.09642111163421885
    ],
    "latFeature_34": [
        0.022599322496800536,
        0.1528880091408677
    ],
    "latFeature_35": [
        0.032398684813188486,
        0.11413904842090726
    ],
    "latFeature_36": [
        0.02406744821936178,
        0.22549937831405148
    ],
    "latFeature_37": [
        0.0186711202913211,
        0.14309067965826489
    ],
    "latFeature_38": [
        0.023553068156805395,
        0.14279239904273464
    ],
    "latFeature_39": [
        0.07445709250668764,
        0.2520710380300096
    ],
    "latFeature_4": [
        0.025755936006635498,
        0.10581593595998293
    ],
    "latFeature_40": [
        0.03193381065288452,
        0.14800971075456332
    ],
    "latFeature_41": [
        0.012166440587163043,
        0.09089209219964557
    ],
    "latFeature_42": [
        0.05302004367195636,
        0.12523994640843683
    ],
    "latFeature_43": [
        0.03613023371414388,
        0.13284014661160412
    ],
    "latFeature_44": [
        0.05448341528476686,
        0.10206448066814515
    ],
    "latFeature_45": [
        0.031022266223260816,
        0.11180542693178526
    ],
    "latFeature_46": [
        0.04463744738045575,
        0.12445440824660418
    ],
    "latFeature_47": [
        0.02515401358213257,
        0.14295767069079335
    ],
    "latFeature_48": [
        0.019446200002022126,
        0.15072645308642738
    ],
    "latFeature_49": [
        0.05869573157490186,
        0.14723137104288747
    ],
    "latFeature_5": [
        0.03384494376537127,
        0.1003498856752783
    ],
    "latFeature_6": [
        0.030069959999700597,
        0.14391432240003668
    ],
    "latFeature_7": [
        0.3885807548071369,
        0.22262282446067297
    ],
    "latFeature_8": [
        0.07050817545847261,
        0.24759840715483336
    ],
    "latFeature_9": [
        0.08174494125923241,
        0.1696661279186464
    ]
}