{
    "latFeature_0": 0.01343265515558479,
    "latFeature_1": 0.052515308350003245,
    "latFeature_10": 0.07020361407590164,
    "latFeature_11": 0.024301519357354726,
    "latFeature_12": 0.03463987199049381,
    "latFeature_13": 0.053107001878218645,
    "latFeature_14": 0.05848119241485163,
    "latFeature_15": 0.04400844394632963,
    "latFeature_16": 0.06811683664513242,
    "latFeature_17": 0.03823637777079045,
    "latFeature_18": 0.03918722194037154,
    "latFeature_19": 0.06967933965922002,
    "latFeature_2": 0.02256284895096891,
    "latFeature_20": 0.03501731613422608,
    "latFeature_21": 0.015484115517198143,
    "latFeature_22": 0.020049887570513576,
    "latFeature_23": 0.0570051575459572,
    "latFeature_24": 0.015574297018319864,
    "latFeature_25": 0.06509123924493167,
    "latFeature_26": 0.07370762353579643,
    "latFeature_27": 0.018097224981786873,
    "latFeature_28": 0.05998133998458073,
    "latFeature_29": 0.03676686940625529,
    "latFeature_3": 0.020694902317841404,
    "latFeature_30": 0.013387789456898386,
    "latFeature_31": 0.0835774181663159,
    "latFeature_32": 0.20831193733012604,
    "latFeature_33": 0.04717852464993181,
    "latFeature_34": 0.023777180640137553,
    "latFeature_35": 0.03643409805960274,
    "latFeature_36": 0.15026800463221057,
    "latFeature_37": 0.11610054867646993,
    "latFeature_38": 0.03648521698537227,
    "latFeature_39": 0.09361624282968653,
    "latFeature_4": 0.04232661521337811,
    "latFeature_40": 0.019701201841310138,
    "latFeature_41": 0.07133948303655421,
    "latFeature_42": 0.14287736537557622,
    "latFeature_43": 0.04643545158587625,
    "latFeature_44": 0.031153673778948905,
    "latFeature_45": 0.05125614311241598,
    "latFeature_46": 0.025107076466839892,
    "latFeature_47": 0.05988202780740961,
    "latFeature_48": 0.07453322633724216,
    "latFeature_49": 0.04069870247949295,
    "latFeature_5": 0.019695929197394286,
    "latFeature_6": 0.01899378342422214,
    "latFeature_7": 0.027837855911501886,
    "latFeature_8": 0.057654367903230266,
    "latFeature_9": 0.015152485505051771
}