{
    "latFeature_0": [
        0.02118257694009976,
        0.20493895956110067
    ],
    "latFeature_1": [
        0.07263413686129251,
        0.18292869547545654
    ],
    "latFeature_10": [
        0.12449262966500373,
        0.17475523310805868
    ],
    "latFeature_11": [
        0.03196335292831541,
        0.21297757635043305
    ],
    "latFeature_12": [
        0.042549573237673444,
        0.204574763198027
    ],
    "latFeature_13": [
        0.06866138963848573,
        0.14593601929409328
    ],
    "latFeature_14": [
        0.05882251356715148,
        0.15693600666227203
    ],
    "latFeature_15": [
        0.09519435791285671,
        0.22527767451049457
    ],
    "latFeature_16": [
        0.08881430868870066,
        0.18348519993477208
    ],
    "latFeature_17": [
        0.054021724137138995,
        0.206587580157908
    ],
    "latFeature_18": [
        0.04418524795761939,
        0.1254199527859377
    ],
    "latFeature_19": [
        0.07258754333913542,
        0.19566877209996383
    ],
    "latFeature_2": [
        0.035090903510073226,
        0.20683309596430133
    ],
    "latFeature_20": [
        0.05330765441130817,
        0.17156873209567788
    ],
    "latFeature_21": [
        0.03669421475599969,
        0.24867678101431023
    ],
    "latFeature_22": [
        0.03439647458578281,
        0.3478635563181313
    ],
    "latFeature_23": [
        0.10247374593865705,
        0.2729376872686413
    ],
    "latFeature_24": [
        0.016634077212387053,
        0.10570823528804918
    ],
    "latFeature_25": [
        0.10697378536030944,
        0.2042357742222647
    ],
    "latFeature_26": [
        0.09249823226889965,
        0.2476914881775896
    ],
    "latFeature_27": [
        0.023155804006354405,
        0.13362910015925267
    ],
    "latFeature_28": [
        0.06595816501720717,
        0.18424657737157063
    ],
    "latFeature_29": [
        0.03623335956942051,
        0.34106774505306164
    ],
    "latFeature_3": [
        0.02944923909175291,
        0.2920363141503034
    ],
    "latFeature_30": [
        0.02566089685583419,
        0.16317659231064624
    ],
    "latFeature_31": [
        0.11737894615548551,
        0.18657802317508715
    ],
    "latFeature_32": [
        0.23326637195303382,
        0.21311052405061381
    ],
    "latFeature_33": [
        0.07800465436616463,
        0.20224736264996235
    ],
    "latFeature_34": [
        0.029071054988985736,
        0.12563804722996028
    ],
    "latFeature_35": [
        0.04034828526026351,
        0.19161610121784942
    ],
    "latFeature_36": [
        0.148668828822508,
        0.17534970268319006
    ],
    "latFeature_37": [
        0.1766186263324846,
        0.2398206865796977
    ],
    "latFeature_38": [
        0.04617481640554185,
        0.1932887336729856
    ],
    "latFeature_39": [
        0.11699656398107183,
        0.19311746442390362
    ],
    "latFeature_4": [
        0.054654283551090845,
        0.17547779661812674
    ],
    "latFeature_40": [
        0.036738999075917385,
        0.19153555476680412
    ],
    "latFeature_41": [
        0.07995237895507111,
        0.11656017689382633
    ],
    "latFeature_42": [
        0.13224758693292157,
        0.23847411578338434
    ],
    "latFeature_43": [
        0.05431399848035215,
        0.232733841821133
    ],
    "latFeature_44": [
        0.04132491273275184,
        0.13162219166942796
    ],
    "latFeature_45": [
        0.05970118277286504,
        0.13750612124936598
    ],
    "latFeature_46": [
        0.05079044986214457,
        0.16803619875323317
    ],
    "latFeature_47": [
        0.057220674289040395,
        0.34957952896947025
    ],
    "latFeature_48": [
        0.10313136038262502,
        0.13620411211864195
    ],
    "latFeature_49": [
        0.07635236560095626,
        0.18817748578166654
    ],
    "latFeature_5": [
        0.02701024430738326,
        0.2926808092113988
    ],
    "latFeature_6": [
        0.02995087411677684,
        0.16686788269683073
    ],
    "latFeature_7": [
        0.04003579570111316,
        0.2215219565018558
    ],
    "latFeature_8": [
        0.06884518301070343,
        0.12185998001290389
    ],
    "latFeature_9": [
        0.02759857972791407,
        0.1566411556824128
    ]
}