{
    "latFeature_0": 0.020586105811675304,
    "latFeature_1": 0.18298877891353957,
    "latFeature_10": 0.04613820628512015,
    "latFeature_11": 0.021562798796551177,
    "latFeature_12": 0.0218575042261527,
    "latFeature_13": 0.022776567856033672,
    "latFeature_14": 0.030412095702345106,
    "latFeature_15": 0.02213545936624106,
    "latFeature_16": 0.015618889439730143,
    "latFeature_17": 0.02552702326457677,
    "latFeature_18": 0.038366956083377216,
    "latFeature_19": 0.034650352977789955,
    "latFeature_2": 0.032728618946667204,
    "latFeature_20": 0.020921722457026344,
    "latFeature_21": 0.016974843058467835,
    "latFeature_22": 0.017454412527801944,
    "latFeature_23": 0.02098705180115445,
    "latFeature_24": 0.01851042022329004,
    "latFeature_25": 0.010441362091104857,
    "latFeature_26": 0.011111936301317453,
    "latFeature_27": 0.011054130119849768,
    "latFeature_28": 0.026295061011563165,
    "latFeature_29": 0.03770030420583373,
    "latFeature_3": 0.01569556782838444,
    "latFeature_30": 0.013647563620557395,
    "latFeature_31": 0.019915290474454363,
    "latFeature_32": 0.011254458438384334,
    "latFeature_33": 0.025805155231137918,
    "latFeature_34": 0.014921807333733283,
    "latFeature_35": 0.0242530689038109,
    "latFeature_36": 0.03794663955756088,
    "latFeature_37": 0.01980868018649727,
    "latFeature_38": 0.02341568302922395,
    "latFeature_39": 0.024978652222194357,
    "latFeature_4": 0.013312686431365286,
    "latFeature_40": 0.03063227681123356,
    "latFeature_41": 0.03218273955003771,
    "latFeature_42": 0.02195255649284303,
    "latFeature_43": 0.01767623330034716,
    "latFeature_44": 0.06470218885453097,
    "latFeature_45": 0.011558696422382502,
    "latFeature_46": 0.042238925358009306,
    "latFeature_47": 0.019213144701282218,
    "latFeature_48": 0.0212958872734451,
    "latFeature_49": 0.02274779336637095,
    "latFeature_5": 0.036966747621040935,
    "latFeature_50": 0.014167047647339854,
    "latFeature_51": 0.028751148568316426,
    "latFeature_6": 0.02429298346125925,
    "latFeature_7": 0.016356673784735952,
    "latFeature_8": 0.02203598643773104,
    "latFeature_9": 0.05166494984236723
}