{
    "latFeature_0": [
        0.034555288364882863,
        0.1543143394508644
    ],
    "latFeature_1": [
        0.23747212077597843,
        0.24289037326544136
    ],
    "latFeature_10": [
        0.06737326912810412,
        0.1222215528042567
    ],
    "latFeature_11": [
        0.03163173976366864,
        0.11323779836377995
    ],
    "latFeature_12": [
        0.03701816374970939,
        0.15744190217099402
    ],
    "latFeature_13": [
        0.025306698189620176,
        0.08998187680722064
    ],
    "latFeature_14": [
        0.058137194404958355,
        0.18598227093551375
    ],
    "latFeature_15": [
        0.03737505101727885,
        0.12075728036510865
    ],
    "latFeature_16": [
        0.02373631865290632,
        0.19585991543494788
    ],
    "latFeature_17": [
        0.0280895744797381,
        0.09599897238347176
    ],
    "latFeature_18": [
        0.05737190354385916,
        0.12539229398471777
    ],
    "latFeature_19": [
        0.048546349103827914,
        0.10408452455891455
    ],
    "latFeature_2": [
        0.0765269938093271,
        0.16775890672346333
    ],
    "latFeature_20": [
        0.03653754702959428,
        0.1302609358603159
    ],
    "latFeature_21": [
        0.03713202852272792,
        0.191562319401475
    ],
    "latFeature_22": [
        0.027262932607301744,
        0.16706074161489554
    ],
    "latFeature_23": [
        0.027598761807625403,
        0.12602134701969517
    ],
    "latFeature_24": [
        0.02253913305881353,
        0.09558183871682738
    ],
    "latFeature_25": [
        0.013622563295971836,
        0.11639094808199112
    ],
    "latFeature_26": [
        0.014110664815691593,
        0.09558718616438346
    ],
    "latFeature_27": [
        0.009033849292118546,
        0.10324317520907982
    ],
    "latFeature_28": [
        0.031586037241040706,
        0.13251578257622149
    ],
    "latFeature_29": [
        0.0775420826562437,
        0.2434110886550476
    ],
    "latFeature_3": [
        0.022056479466799683,
        0.09075965264773975
    ],
    "latFeature_30": [
        0.026638605203674445,
        0.115913102188507
    ],
    "latFeature_31": [
        0.022901714835494483,
        0.08465698636272918
    ],
    "latFeature_32": [
        0.012551543851270152,
        0.1410657288883222
    ],
    "latFeature_33": [
        0.029960876471501047,
        0.08743572541006124
    ],
    "latFeature_34": [
        0.0166199422407377,
        0.10658364363805654
    ],
    "latFeature_35": [
        0.042313549170638114,
        0.13516494768554302
    ],
    "latFeature_36": [
        0.0775007321035901,
        0.18268624793084626
    ],
    "latFeature_37": [
        0.038062372249151204,
        0.14351410550533764
    ],
    "latFeature_38": [
        0.027924110215916512,
        0.10216514788880547
    ],
    "latFeature_39": [
        0.026703169987274587,
        0.10541422724878924
    ],
    "latFeature_4": [
        0.01629183857337988,
        0.10788139493754305
    ],
    "latFeature_40": [
        0.05869468559245334,
        0.135581132195837
    ],
    "latFeature_41": [
        0.054249721771238386,
        0.13785317548078294
    ],
    "latFeature_42": [
        0.04433075087231547,
        0.1354121962937686
    ],
    "latFeature_43": [
        0.023472662647546695,
        0.12849704674589438
    ],
    "latFeature_44": [
        0.14678073333300312,
        0.20404824274396047
    ],
    "latFeature_45": [
        0.01514519140601918,
        0.09763087333328642
    ],
    "latFeature_46": [
        0.11138752627736138,
        0.18462319091212334
    ],
    "latFeature_47": [
        0.02737104901495013,
        0.10597022203703366
    ],
    "latFeature_48": [
        0.034089776800347533,
        0.11159147611383148
    ],
    "latFeature_49": [
        0.04415020115027823,
        0.12718769866055207
    ],
    "latFeature_5": [
        0.08882956389954019,
        0.1808306113940412
    ],
    "latFeature_50": [
        0.017460237746634414,
        0.09767978058788225
    ],
    "latFeature_51": [
        0.04406496765589232,
        0.12120836423176687
    ],
    "latFeature_6": [
        0.03544386217951849,
        0.1125458826572584
    ],
    "latFeature_7": [
        0.023115713463831712,
        0.16692986218671896
    ],
    "latFeature_8": [
        0.03790560890422909,
        0.10520834509204958
    ],
    "latFeature_9": [
        0.0860908077300383,
        0.1415268293819648
    ]
}