{
    "latFeature_0": 0.012259411508638456,
    "latFeature_1": 0.03726593801299771,
    "latFeature_10": 0.03560507125463848,
    "latFeature_11": 0.01964355641118135,
    "latFeature_12": 0.02424461338338487,
    "latFeature_13": 0.014893418647283913,
    "latFeature_14": 0.025406299009064447,
    "latFeature_15": 0.004494446684246433,
    "latFeature_16": 0.022785859283421972,
    "latFeature_17": 0.020816719682458233,
    "latFeature_18": 0.018859266703832374,
    "latFeature_19": 0.022423750817420558,
    "latFeature_2": 0.03387381148497586,
    "latFeature_20": 0.022264317639501617,
    "latFeature_21": 0.0497332813785006,
    "latFeature_22": 0.024762361295707233,
    "latFeature_23": 0.041177452116998685,
    "latFeature_24": 0.037424390607749373,
    "latFeature_25": 0.02314943058660736,
    "latFeature_26": 0.0347992247927433,
    "latFeature_27": 0.03933180169457631,
    "latFeature_28": 0.0229889203747178,
    "latFeature_29": 0.018914613389814924,
    "latFeature_3": 0.03667999938271486,
    "latFeature_30": 0.021146710030947848,
    "latFeature_31": 0.023431565261507064,
    "latFeature_32": 0.03466628343547473,
    "latFeature_33": 0.035321955996571494,
    "latFeature_34": 0.008854601699977559,
    "latFeature_35": 0.021795438134204217,
    "latFeature_36": 0.020869285370277848,
    "latFeature_37": 0.014307817594812748,
    "latFeature_38": 0.01778491728057603,
    "latFeature_39": 0.06995055931820857,
    "latFeature_4": 0.05984118089219565,
    "latFeature_40": 0.028534487913749833,
    "latFeature_41": 0.01325423724454201,
    "latFeature_42": 0.029215093007509657,
    "latFeature_43": 0.013009638007274962,
    "latFeature_44": 0.011937040773612604,
    "latFeature_45": 0.01421348870914746,
    "latFeature_46": 0.013835562311398493,
    "latFeature_47": 0.014198442383826615,
    "latFeature_48": 0.01026945460928744,
    "latFeature_49": 0.015172900925091805,
    "latFeature_5": 0.013199678240120062,
    "latFeature_50": 0.023058525704460594,
    "latFeature_51": 0.06686259039851543,
    "latFeature_52": 0.010412153572827107,
    "latFeature_53": 0.012527785868928502,
    "latFeature_54": 0.039903754958375046,
    "latFeature_55": 0.01548131844390132,
    "latFeature_56": 0.01317077514938622,
    "latFeature_57": 0.01633532600693031,
    "latFeature_58": 0.016733249871238177,
    "latFeature_59": 0.013467329219385068,
    "latFeature_6": 0.014692511623929316,
    "latFeature_60": 0.03588082410138394,
    "latFeature_61": 0.0355162400647635,
    "latFeature_62": 0.013018672232521025,
    "latFeature_63": 0.07432209552873366,
    "latFeature_64": 0.023925554125940315,
    "latFeature_65": 0.022676789499979744,
    "latFeature_66": 0.013734176441955586,
    "latFeature_67": 0.025511173182561436,
    "latFeature_68": 0.02324109100004694,
    "latFeature_69": 0.00908370450817485,
    "latFeature_7": 0.0266087993996902,
    "latFeature_8": 0.01921745283716468,
    "latFeature_9": 0.02185502865553367
}