{
    "latFeature_0": [
        0.021632933608097815,
        0.21997590500955008
    ],
    "latFeature_1": [
        0.06831663440622293,
        0.1527677103787483
    ],
    "latFeature_10": [
        0.07762980837048365,
        0.15117953191269484
    ],
    "latFeature_11": [
        0.03563074195108589,
        0.13508516741315998
    ],
    "latFeature_12": [
        0.052912705966545,
        0.1368544370650012
    ],
    "latFeature_13": [
        0.020091713109558214,
        0.14127323078752638
    ],
    "latFeature_14": [
        0.04043657872502276,
        0.13123301372683677
    ],
    "latFeature_15": [
        0.015384703303490507,
        0.2542427007093389
    ],
    "latFeature_16": [
        0.04744270945760003,
        0.13648625187570787
    ],
    "latFeature_17": [
        0.03830934337422925,
        0.12616764866109165
    ],
    "latFeature_18": [
        0.03447695183823397,
        0.15888866809040933
    ],
    "latFeature_19": [
        0.033402172764649095,
        0.11352059095630695
    ],
    "latFeature_2": [
        0.05445852936805166,
        0.12778345239409347
    ],
    "latFeature_20": [
        0.03655336660318442,
        0.13310587358724343
    ],
    "latFeature_21": [
        0.07705854560425612,
        0.1396268492072131
    ],
    "latFeature_22": [
        0.042838222836586025,
        0.13424610399556833
    ],
    "latFeature_23": [
        0.07157581966702883,
        0.15421120811835884
    ],
    "latFeature_24": [
        0.09989194436704875,
        0.19297295400834807
    ],
    "latFeature_25": [
        0.05091545395787434,
        0.14044114389379841
    ],
    "latFeature_26": [
        0.06447840336419146,
        0.14782607397437403
    ],
    "latFeature_27": [
        0.047525912845842046,
        0.1055668075806707
    ],
    "latFeature_28": [
        0.031079124427782993,
        0.13418971720554979
    ],
    "latFeature_29": [
        0.022450027629674615,
        0.1335066864147522
    ],
    "latFeature_3": [
        0.0548932292601196,
        0.1294525521228278
    ],
    "latFeature_30": [
        0.029620367337331695,
        0.1502654535051715
    ],
    "latFeature_31": [
        0.06818025116653663,
        0.1700290328418525
    ],
    "latFeature_32": [
        0.06545298511721531,
        0.12644360736280788
    ],
    "latFeature_33": [
        0.051536340082456354,
        0.15590188480874778
    ],
    "latFeature_34": [
        0.027368174404988017,
        0.13950122177952928
    ],
    "latFeature_35": [
        0.03295413226315779,
        0.12047361706648026
    ],
    "latFeature_36": [
        0.04129667746478353,
        0.13042086037527223
    ],
    "latFeature_37": [
        0.023864974079218657,
        0.12614818144554166
    ],
    "latFeature_38": [
        0.04236606317412779,
        0.1567760046696383
    ],
    "latFeature_39": [
        0.18218472919270357,
        0.22311457553453237
    ],
    "latFeature_4": [
        0.14226800329733752,
        0.2229120350275296
    ],
    "latFeature_40": [
        0.0435031271038454,
        0.1465939521629862
    ],
    "latFeature_41": [
        0.017870267676423666,
        0.11138795811537214
    ],
    "latFeature_42": [
        0.08687251294502978,
        0.258381908927442
    ],
    "latFeature_43": [
        0.016847011268299458,
        0.13550571470590825
    ],
    "latFeature_44": [
        0.02352324793307154,
        0.14477711235142765
    ],
    "latFeature_45": [
        0.026374065828783724,
        0.13726442935842445
    ],
    "latFeature_46": [
        0.019942470534194137,
        0.13708765205318368
    ],
    "latFeature_47": [
        0.047791715241397185,
        0.1461948757532524
    ],
    "latFeature_48": [
        0.013088983059097255,
        0.12154883814147396
    ],
    "latFeature_49": [
        0.017260073965650317,
        0.11635556553140308
    ],
    "latFeature_5": [
        0.004602837755102333,
        0.23388887139431944
    ],
    "latFeature_50": [
        0.02637029701038244,
        0.13356042366023904
    ],
    "latFeature_51": [
        0.13587861630118098,
        0.29315485255660384
    ],
    "latFeature_52": [
        0.030100920615391904,
        0.1475981754618583
    ],
    "latFeature_53": [
        0.01516353968151903,
        0.27157426126717027
    ],
    "latFeature_54": [
        0.08515087039734345,
        0.20049900529680953
    ],
    "latFeature_55": [
        0.024058316841646245,
        0.11080272467491356
    ],
    "latFeature_56": [
        0.02612184630836472,
        0.14358531843310568
    ],
    "latFeature_57": [
        0.019180293820924687,
        0.13446672611255484
    ],
    "latFeature_58": [
        0.055448343730622913,
        0.18711869641825013
    ],
    "latFeature_59": [
        0.016815562762272102,
        0.10933769504722973
    ],
    "latFeature_6": [
        0.013581970313544701,
        0.29850281285659275
    ],
    "latFeature_60": [
        0.12031640866326333,
        0.19067091410884002
    ],
    "latFeature_61": [
        0.08579813155227871,
        0.16334117761588757
    ],
    "latFeature_62": [
        0.026307770995940408,
        0.12771665414135394
    ],
    "latFeature_63": [
        0.12279900405506011,
        0.19151138441183863
    ],
    "latFeature_64": [
        0.028213144224041753,
        0.12497110722890296
    ],
    "latFeature_65": [
        0.03850901117478549,
        0.13591093230327747
    ],
    "latFeature_66": [
        0.022700173560729366,
        0.1930352577841488
    ],
    "latFeature_67": [
        0.0445566631229982,
        0.14869329517180266
    ],
    "latFeature_68": [
        0.03362869740595637,
        0.16318755315280076
    ],
    "latFeature_69": [
        0.021766694584733865,
        0.1462794069069922
    ],
    "latFeature_7": [
        0.052896289425408895,
        0.16603007700693548
    ],
    "latFeature_8": [
        0.039744497064657415,
        0.13684035434054292
    ],
    "latFeature_9": [
        0.037262145853871505,
        0.11611641620208225
    ]
}