{
    "latFeature_0": 0.01718436635358736,
    "latFeature_1": 0.0385713514107859,
    "latFeature_10": 0.041963558314477206,
    "latFeature_11": 0.01263984562727423,
    "latFeature_12": 0.016157454650439784,
    "latFeature_13": 0.014079856121121634,
    "latFeature_14": 0.026002525725036765,
    "latFeature_15": 0.0289752359347401,
    "latFeature_16": 0.0126466614840435,
    "latFeature_17": 0.01586657510270403,
    "latFeature_18": 0.012957152695124798,
    "latFeature_19": 0.023345466844393346,
    "latFeature_2": 0.013874994614830147,
    "latFeature_20": 0.01736828196042045,
    "latFeature_21": 0.021341090549943192,
    "latFeature_22": 0.011002979043812457,
    "latFeature_23": 0.011993078690352411,
    "latFeature_24": 0.017243715747908464,
    "latFeature_25": 0.0208943947294137,
    "latFeature_26": 0.016854633207239983,
    "latFeature_27": 0.02734962194500118,
    "latFeature_28": 0.018940365754306368,
    "latFeature_29": 0.039462974787117,
    "latFeature_3": 0.018038518592821358,
    "latFeature_30": 0.012590864694312039,
    "latFeature_31": 0.016691550973928063,
    "latFeature_32": 0.024311518090634178,
    "latFeature_33": 0.016824653082535522,
    "latFeature_34": 0.032324618681749004,
    "latFeature_35": 0.02346146501054207,
    "latFeature_36": 0.014348150105742231,
    "latFeature_37": 0.020045193631417754,
    "latFeature_38": 0.011592968607835534,
    "latFeature_39": 0.027647397725175653,
    "latFeature_4": 0.011270083468525208,
    "latFeature_40": 0.02369558326051298,
    "latFeature_41": 0.01388462362003013,
    "latFeature_42": 0.020557781425761496,
    "latFeature_43": 0.029169359251593203,
    "latFeature_44": 0.016904482197432222,
    "latFeature_45": 0.015395959482946534,
    "latFeature_46": 0.02256762326573418,
    "latFeature_47": 0.015226640097685373,
    "latFeature_48": 0.02337449853619831,
    "latFeature_49": 0.01533333076131191,
    "latFeature_5": 0.028469624748504528,
    "latFeature_50": 0.013390763356667997,
    "latFeature_51": 0.020224286698083908,
    "latFeature_52": 0.014662033170074274,
    "latFeature_53": 0.013480028575158003,
    "latFeature_54": 0.0136502320927831,
    "latFeature_55": 0.010282845195817635,
    "latFeature_56": 0.011273234194767608,
    "latFeature_57": 0.02492713141807758,
    "latFeature_58": 0.010839173429475494,
    "latFeature_59": 0.02566729488289908,
    "latFeature_6": 0.023852106839197862,
    "latFeature_60": 0.02747362552782702,
    "latFeature_61": 0.02983956373372634,
    "latFeature_62": 0.013619898315133067,
    "latFeature_63": 0.023383323784703803,
    "latFeature_64": 0.011273169894232049,
    "latFeature_65": 0.013830434343687649,
    "latFeature_66": 0.01512895150903712,
    "latFeature_67": 0.014236990554894332,
    "latFeature_68": 0.009748202317777104,
    "latFeature_69": 0.039473359323609805,
    "latFeature_7": 0.025137040516410462,
    "latFeature_8": 0.010927876018279357,
    "latFeature_9": 0.01574241076853929
}