{
    "latFeature_0": [
        0.02226364373175721,
        0.10718881554988904
    ],
    "latFeature_1": [
        0.08685681200583413,
        0.19557116362582908
    ],
    "latFeature_10": [
        0.08511822494279735,
        0.14038307342151304
    ],
    "latFeature_11": [
        0.018494421391577094,
        0.10344224332990935
    ],
    "latFeature_12": [
        0.024624921999042614,
        0.11492981304499879
    ],
    "latFeature_13": [
        0.01907664972506341,
        0.10942504689034259
    ],
    "latFeature_14": [
        0.05481579797508805,
        0.1370747711111959
    ],
    "latFeature_15": [
        0.03737995176279242,
        0.09902615563405807
    ],
    "latFeature_16": [
        0.014376519445655657,
        0.11775741926291275
    ],
    "latFeature_17": [
        0.032990610858479076,
        0.12888253509976008
    ],
    "latFeature_18": [
        0.012425633430081268,
        0.11006007326177066
    ],
    "latFeature_19": [
        0.041444949370285894,
        0.1457155289128899
    ],
    "latFeature_2": [
        0.017346115791476845,
        0.11905042556230391
    ],
    "latFeature_20": [
        0.023201531883302047,
        0.12209620137879149
    ],
    "latFeature_21": [
        0.054464210741656395,
        0.1679141583882245
    ],
    "latFeature_22": [
        0.014249099771910538,
        0.11142968445843934
    ],
    "latFeature_23": [
        0.01871266691410021,
        0.2011587336138542
    ],
    "latFeature_24": [
        0.021629648791663653,
        0.09560914200303844
    ],
    "latFeature_25": [
        0.030726415838948754,
        0.11487283176339483
    ],
    "latFeature_26": [
        0.024628238426122162,
        0.09620060480651461
    ],
    "latFeature_27": [
        0.037666222187570916,
        0.1104421577082908
    ],
    "latFeature_28": [
        0.03093273167999379,
        0.11316337779235552
    ],
    "latFeature_29": [
        0.08297241792573906,
        0.14836020264316074
    ],
    "latFeature_3": [
        0.03677632403276948,
        0.15785861791249825
    ],
    "latFeature_30": [
        0.018242070995950044,
        0.12051816362037003
    ],
    "latFeature_31": [
        0.02078099218891781,
        0.0982091663807221
    ],
    "latFeature_32": [
        0.04039540549608899,
        0.13170296521310704
    ],
    "latFeature_33": [
        0.030812266960313264,
        0.13022947997548404
    ],
    "latFeature_34": [
        0.04448693735122131,
        0.1050735493492998
    ],
    "latFeature_35": [
        0.04871511521048599,
        0.13802273861301606
    ],
    "latFeature_36": [
        0.02328121910067321,
        0.11720278300175375
    ],
    "latFeature_37": [
        0.027624702630726448,
        0.10129282830902935
    ],
    "latFeature_38": [
        0.01324565558212147,
        0.10253965672546793
    ],
    "latFeature_39": [
        0.05412761931756211,
        0.13960845960079302
    ],
    "latFeature_4": [
        0.020341757530277876,
        0.23102731677350505
    ],
    "latFeature_40": [
        0.04513374054401903,
        0.14106690170811376
    ],
    "latFeature_41": [
        0.015543822622542648,
        0.1014867175478339
    ],
    "latFeature_42": [
        0.030849162836680964,
        0.120773959660477
    ],
    "latFeature_43": [
        0.07389131245474147,
        0.16150159674094483
    ],
    "latFeature_44": [
        0.02779030688356434,
        0.1328959528966029
    ],
    "latFeature_45": [
        0.019853948014790488,
        0.09927358666510315
    ],
    "latFeature_46": [
        0.031204734038112095,
        0.09775050279115159
    ],
    "latFeature_47": [
        0.018995620331401165,
        0.0998249967909373
    ],
    "latFeature_48": [
        0.03354500003222623,
        0.09882725979218915
    ],
    "latFeature_49": [
        0.02824430806765387,
        0.11687146389755654
    ],
    "latFeature_5": [
        0.04604302355710293,
        0.12357894688179777
    ],
    "latFeature_50": [
        0.020473411574150377,
        0.10191628510110712
    ],
    "latFeature_51": [
        0.03301760651229559,
        0.12885236383199483
    ],
    "latFeature_52": [
        0.022711098426809066,
        0.12778993921138587
    ],
    "latFeature_53": [
        0.014484235782511583,
        0.10324028029061261
    ],
    "latFeature_54": [
        0.02059036456855871,
        0.1111015309563913
    ],
    "latFeature_55": [
        0.014540042392043886,
        0.1049107931830063
    ],
    "latFeature_56": [
        0.015680791040821433,
        0.1007190138419032
    ],
    "latFeature_57": [
        0.04283367392681781,
        0.12715745024941089
    ],
    "latFeature_58": [
        0.009706986892962137,
        0.09496914733697102
    ],
    "latFeature_59": [
        0.04840400764418333,
        0.12585928655999928
    ],
    "latFeature_6": [
        0.027743864480373012,
        0.1101069830089187
    ],
    "latFeature_60": [
        0.03197540738082484,
        0.09694026321152209
    ],
    "latFeature_61": [
        0.03712925600767351,
        0.0966180543655995
    ],
    "latFeature_62": [
        0.019475934941594712,
        0.10149792344105144
    ],
    "latFeature_63": [
        0.037437949739889856,
        0.12367906308254369
    ],
    "latFeature_64": [
        0.019183354342253246,
        0.11454866928139903
    ],
    "latFeature_65": [
        0.017166757893553913,
        0.09800750655782733
    ],
    "latFeature_66": [
        0.02427148217396739,
        0.11757682740150485
    ],
    "latFeature_67": [
        0.017568782489549663,
        0.1400246842942062
    ],
    "latFeature_68": [
        0.009623200878179177,
        0.09602866676284151
    ],
    "latFeature_69": [
        0.09386857397959568,
        0.1684812206934439
    ],
    "latFeature_7": [
        0.03815575844301952,
        0.11981848049283751
    ],
    "latFeature_8": [
        0.008728019195354427,
        0.10616002488296387
    ],
    "latFeature_9": [
        0.024280667046988568,
        0.13181875140914462
    ]
}