{
    "latFeature_0": 0.03839507149255046,
    "latFeature_1": 0.0247051016687918,
    "latFeature_10": 0.03237957956451819,
    "latFeature_11": 0.05417316905832509,
    "latFeature_12": 0.014194632577094735,
    "latFeature_13": 0.04391565827351776,
    "latFeature_14": 0.02716520800901751,
    "latFeature_15": 0.02410209124631799,
    "latFeature_16": 0.029110363510217677,
    "latFeature_17": 0.01367710971664683,
    "latFeature_18": 0.009974025798660878,
    "latFeature_19": 0.018819673649061824,
    "latFeature_2": 0.027212661804260168,
    "latFeature_20": 0.046654957539141347,
    "latFeature_21": 0.11232075421956189,
    "latFeature_22": 0.03909697613871426,
    "latFeature_23": 0.020869413971348966,
    "latFeature_24": 0.003855299360788376,
    "latFeature_25": 0.01258086596103259,
    "latFeature_26": 0.025661331008225968,
    "latFeature_27": 0.03195842713173958,
    "latFeature_28": 0.02618213319598739,
    "latFeature_29": 0.06417434575812582,
    "latFeature_3": 0.004767707885238976,
    "latFeature_30": 0.017809785512703534,
    "latFeature_31": 0.01385322888354337,
    "latFeature_32": 0.03923412918106195,
    "latFeature_33": 0.02838908832771668,
    "latFeature_34": 0.021797270699467658,
    "latFeature_35": 0.013819053148893676,
    "latFeature_36": 0.005376232078636983,
    "latFeature_37": 0.046168186409824605,
    "latFeature_38": 0.03213731122166516,
    "latFeature_39": 0.012820047878178777,
    "latFeature_4": 0.00832672645330463,
    "latFeature_40": 0.01720720911884475,
    "latFeature_41": 0.019951877479187523,
    "latFeature_42": 0.020075639935005017,
    "latFeature_43": 0.01915289509946328,
    "latFeature_44": 0.04111762046866088,
    "latFeature_45": 0.008792937486376324,
    "latFeature_46": 0.05823027564996589,
    "latFeature_47": 0.018343688934585135,
    "latFeature_48": 0.049422677641482074,
    "latFeature_49": 0.022742504647321207,
    "latFeature_5": 0.030018029870170788,
    "latFeature_50": 0.024734776365952352,
    "latFeature_51": 0.01522310356822962,
    "latFeature_52": 0.06703973837398092,
    "latFeature_53": 0.013690516378310915,
    "latFeature_54": 0.014458650576100648,
    "latFeature_55": 0.017029128785613655,
    "latFeature_56": 0.04579226940381186,
    "latFeature_57": 0.016274336948952448,
    "latFeature_58": 0.033885691008920416,
    "latFeature_59": 0.013142177486196283,
    "latFeature_6": 0.06612551335940077,
    "latFeature_60": 0.0819505342409997,
    "latFeature_61": 0.041472880927625244,
    "latFeature_62": 0.01581349501059994,
    "latFeature_63": 0.025128231343038855,
    "latFeature_64": 0.016593749859342578,
    "latFeature_65": 0.05355614111909938,
    "latFeature_66": 0.0359245002401625,
    "latFeature_67": 0.02479644057955359,
    "latFeature_68": 0.009505676772781841,
    "latFeature_69": 0.03559256480047222,
    "latFeature_7": 0.01768589445581492,
    "latFeature_70": 0.06584627220860123,
    "latFeature_71": 0.022629191028532076,
    "latFeature_72": 0.011393122543317664,
    "latFeature_73": 0.02380939520845269,
    "latFeature_74": 0.017006912950577966,
    "latFeature_75": 0.05340455260651866,
    "latFeature_76": 0.03370454032511637,
    "latFeature_77": 0.04281763017804175,
    "latFeature_78": 0.02554341990114436,
    "latFeature_79": 0.016130384124969376,
    "latFeature_8": 0.05886786368543664,
    "latFeature_80": 0.031432673802740105,
    "latFeature_81": 0.09113723213200643,
    "latFeature_82": 0.014875832450808483,
    "latFeature_83": 0.07239581223472011,
    "latFeature_84": 0.010247640652598996,
    "latFeature_85": 0.017356916840760364,
    "latFeature_86": 0.028908958157712494,
    "latFeature_87": 0.016899884709139744,
    "latFeature_88": 0.06029335833338156,
    "latFeature_89": 0.06345464593874603,
    "latFeature_9": 0.028003831668913973
}