{
    "latFeature_0": [
        0.13369176678769049,
        0.2137166384085678
    ],
    "latFeature_1": [
        0.029279808450421826,
        0.16167290582818422
    ],
    "latFeature_10": [
        0.03331732403800373,
        0.1293266812385198
    ],
    "latFeature_11": [
        0.07097281195157112,
        0.11553411035169835
    ],
    "latFeature_12": [
        0.03227192905902769,
        0.38458513387429943
    ],
    "latFeature_13": [
        0.060675545237125664,
        0.16294509623342276
    ],
    "latFeature_14": [
        0.03283323408533563,
        0.09739158702667074
    ],
    "latFeature_15": [
        0.03272266775305519,
        0.20917834153151274
    ],
    "latFeature_16": [
        0.04850882112502917,
        0.15298744086307026
    ],
    "latFeature_17": [
        0.014844103762140272,
        0.17584421812372356
    ],
    "latFeature_18": [
        0.016293434627941545,
        0.35638521462718653
    ],
    "latFeature_19": [
        0.032531554861716355,
        0.15446802669513635
    ],
    "latFeature_2": [
        0.034222061703107175,
        0.09283719808542423
    ],
    "latFeature_20": [
        0.10652411072600507,
        0.17241111608300838
    ],
    "latFeature_21": [
        0.12104459298966691,
        0.12209044894355679
    ],
    "latFeature_22": [
        0.06699509158001521,
        0.2160650959184076
    ],
    "latFeature_23": [
        0.02831221799616038,
        0.10064493668740256
    ],
    "latFeature_24": [
        0.019503100341660733,
        0.2036985323606371
    ],
    "latFeature_25": [
        0.014331693349162298,
        0.1538896857788895
    ],
    "latFeature_26": [
        0.03628755686740419,
        0.12698736113964204
    ],
    "latFeature_27": [
        0.057756344477317687,
        0.1284444500148376
    ],
    "latFeature_28": [
        0.028067619640888077,
        0.18844551826942105
    ],
    "latFeature_29": [
        0.1272100815581,
        0.19273852080967413
    ],
    "latFeature_3": [
        0.008269256171996368,
        0.15188768769919214
    ],
    "latFeature_30": [
        0.027869391899617617,
        0.10573381192841523
    ],
    "latFeature_31": [
        0.03870016154257242,
        0.21959178063288298
    ],
    "latFeature_32": [
        0.0920995182180165,
        0.17643265769690816
    ],
    "latFeature_33": [
        0.08462579076372267,
        0.20263947957181547
    ],
    "latFeature_34": [
        0.033367619464272955,
        0.153511450741342
    ],
    "latFeature_35": [
        0.020372661828604,
        0.13678398367458647
    ],
    "latFeature_36": [
        0.00867341742861165,
        0.13352814742263708
    ],
    "latFeature_37": [
        0.04448085786919205,
        0.1381558451975933
    ],
    "latFeature_38": [
        0.05152432323868824,
        0.21892904845288585
    ],
    "latFeature_39": [
        0.014769398252888023,
        0.12141611235918329
    ],
    "latFeature_4": [
        0.010972334121147148,
        0.12700496605026348
    ],
    "latFeature_40": [
        0.02420962450801011,
        0.23710476061852095
    ],
    "latFeature_41": [
        0.045127090002346555,
        0.14911446937763687
    ],
    "latFeature_42": [
        0.050196434059778576,
        0.17965058428378244
    ],
    "latFeature_43": [
        0.03103568963081323,
        0.1423529534688579
    ],
    "latFeature_44": [
        0.06546267732044168,
        0.12842565774188763
    ],
    "latFeature_45": [
        0.013422928262396251,
        0.17617153814357997
    ],
    "latFeature_46": [
        0.07505012777682449,
        0.13895832877820236
    ],
    "latFeature_47": [
        0.02344389068229634,
        0.17436189550665804
    ],
    "latFeature_48": [
        0.15043410266083487,
        0.2242824760101796
    ],
    "latFeature_49": [
        0.04524270750956261,
        0.14291176460956245
    ],
    "latFeature_5": [
        0.051593778115757764,
        0.19858300505964724
    ],
    "latFeature_50": [
        0.045376377811382436,
        0.12723550975036962
    ],
    "latFeature_51": [
        0.02144848938139655,
        0.1967659936429358
    ],
    "latFeature_52": [
        0.11859561538515885,
        0.16594641655248396
    ],
    "latFeature_53": [
        0.02014786614691152,
        0.10915174568278942
    ],
    "latFeature_54": [
        0.02465727407624147,
        0.1460137081609962
    ],
    "latFeature_55": [
        0.027257564532734563,
        0.12707463753354867
    ],
    "latFeature_56": [
        0.06094909225639019,
        0.11221827485662772
    ],
    "latFeature_57": [
        0.04082066531037784,
        0.15377075030236564
    ],
    "latFeature_58": [
        0.0405687346223012,
        0.16381832131780055
    ],
    "latFeature_59": [
        0.020377160060638503,
        0.1692960672407419
    ],
    "latFeature_6": [
        0.07469615151611823,
        0.11293464896499533
    ],
    "latFeature_60": [
        0.09662105164705345,
        0.14114141528365126
    ],
    "latFeature_61": [
        0.05235978192080447,
        0.17255824090192642
    ],
    "latFeature_62": [
        0.02095688538965143,
        0.18081004158309485
    ],
    "latFeature_63": [
        0.030711096388033248,
        0.11398210255014692
    ],
    "latFeature_64": [
        0.0326744361272406,
        0.11247362555183658
    ],
    "latFeature_65": [
        0.10464449374155342,
        0.16523082333285172
    ],
    "latFeature_66": [
        0.04722209007465768,
        0.16849128362436838
    ],
    "latFeature_67": [
        0.05758492890936599,
        0.1697470268851115
    ],
    "latFeature_68": [
        0.011613714473327152,
        0.16072005570359185
    ],
    "latFeature_69": [
        0.059226326000446555,
        0.14855782420494476
    ],
    "latFeature_7": [
        0.025136461530817035,
        0.11357742667859073
    ],
    "latFeature_70": [
        0.07590425459839917,
        0.29141639365650845
    ],
    "latFeature_71": [
        0.0401062378619363,
        0.12054029935699627
    ],
    "latFeature_72": [
        0.012285200721412148,
        0.12640439072631812
    ],
    "latFeature_73": [
        0.0489825582814969,
        0.16253117898702624
    ],
    "latFeature_74": [
        0.03288544088288363,
        0.12019904656809921
    ],
    "latFeature_75": [
        0.13215687033276413,
        0.18555519393377984
    ],
    "latFeature_76": [
        0.07233622883836234,
        0.21325113272735727
    ],
    "latFeature_77": [
        0.06299947423610039,
        0.12150917544787737
    ],
    "latFeature_78": [
        0.05263407353559041,
        0.1732309694104063
    ],
    "latFeature_79": [
        0.021254558785707835,
        0.13009957908076777
    ],
    "latFeature_8": [
        0.08075045391534848,
        0.15141396464122983
    ],
    "latFeature_80": [
        0.04664153291120957,
        0.17234106342843847
    ],
    "latFeature_81": [
        0.13500001381111162,
        0.17513370846898077
    ],
    "latFeature_82": [
        0.029582211662746473,
        0.19754374083353107
    ],
    "latFeature_83": [
        0.10064182902079216,
        0.1333503593093724
    ],
    "latFeature_84": [
        0.01930649527305135,
        0.1245200138602859
    ],
    "latFeature_85": [
        0.032678854928041026,
        0.15437047218910685
    ],
    "latFeature_86": [
        0.038059536197179236,
        0.13630542542704333
    ],
    "latFeature_87": [
        0.035811492188897974,
        0.19275346840590069
    ],
    "latFeature_88": [
        0.11763936005924475,
        0.1658718388943192
    ],
    "latFeature_89": [
        0.12991018719287575,
        0.21952685042125414
    ],
    "latFeature_9": [
        0.03746890592680977,
        0.10878190713371287
    ]
}