{
    "latFeature_0": [
        0.12507740574234458,
        0.118613551998938
    ],
    "latFeature_1": [
        0.1404503432031139,
        0.25712268299323887
    ],
    "latFeature_10": [
        0.0960195807301269,
        0.18228884607948023
    ],
    "latFeature_11": [
        0.0204377103548436,
        0.1359117627467076
    ],
    "latFeature_12": [
        0.023354598666834293,
        0.1132896872584688
    ],
    "latFeature_13": [
        0.04016076574162676,
        0.12809851576770553
    ],
    "latFeature_14": [
        0.0588608234692205,
        0.1495483747989377
    ],
    "latFeature_15": [
        0.05260133072407331,
        0.13245095598743403
    ],
    "latFeature_16": [
        0.015299590295461045,
        0.134360869206952
    ],
    "latFeature_17": [
        0.016179731232108613,
        0.1469976143971233
    ],
    "latFeature_18": [
        0.12183977502108169,
        0.14889340352836936
    ],
    "latFeature_19": [
        0.06364754767531522,
        0.17003727934875149
    ],
    "latFeature_2": [
        0.022155108800955538,
        0.1300030052972044
    ],
    "latFeature_20": [
        0.034362973419853504,
        0.12738938098835567
    ],
    "latFeature_21": [
        0.17355943696538847,
        0.26341980291149986
    ],
    "latFeature_22": [
        0.013604604400114254,
        0.11002372679325993
    ],
    "latFeature_23": [
        0.06099877658878225,
        0.13915131713450096
    ],
    "latFeature_24": [
        0.03821977969864532,
        0.14670429605968338
    ],
    "latFeature_25": [
        0.03221299219161656,
        0.11911932134443419
    ],
    "latFeature_26": [
        0.03617854863794952,
        0.158663990196713
    ],
    "latFeature_27": [
        0.0191252999951448,
        0.1106803010706965
    ],
    "latFeature_28": [
        0.018763039087547295,
        0.1074547218796416
    ],
    "latFeature_29": [
        0.03454513607005748,
        0.11896331815897364
    ],
    "latFeature_3": [
        0.09867356826043337,
        0.2641591456524916
    ],
    "latFeature_30": [
        0.044370664450177115,
        0.10847077719292048
    ],
    "latFeature_31": [
        0.04565727750737838,
        0.16123962367831735
    ],
    "latFeature_32": [
        0.03665577060238766,
        0.17330624315772689
    ],
    "latFeature_33": [
        0.0494588379436878,
        0.14932142539797671
    ],
    "latFeature_34": [
        0.1120995769009162,
        0.23106328188653152
    ],
    "latFeature_35": [
        0.03012971397317232,
        0.11864210765962199
    ],
    "latFeature_36": [
        0.3398648757624614,
        0.24946175886003916
    ],
    "latFeature_37": [
        0.015530213198018512,
        0.1288670014560682
    ],
    "latFeature_38": [
        0.027535589022702426,
        0.14637349838656805
    ],
    "latFeature_39": [
        0.026090490431098297,
        0.1335794562706861
    ],
    "latFeature_4": [
        0.021798447321970362,
        0.1197383205814329
    ],
    "latFeature_40": [
        0.01944838880548503,
        0.11954915975270246
    ],
    "latFeature_41": [
        0.06321959111468528,
        0.16115036292581636
    ],
    "latFeature_42": [
        0.02669875224682874,
        0.11456353626553539
    ],
    "latFeature_43": [
        0.028414666121633753,
        0.0986277190620126
    ],
    "latFeature_44": [
        0.044894071426369864,
        0.14905086709120582
    ],
    "latFeature_45": [
        0.08018177282671722,
        0.11667731778483113
    ],
    "latFeature_46": [
        0.08868165403665529,
        0.17746532165499992
    ],
    "latFeature_47": [
        0.04684623785578187,
        0.15822892730423588
    ],
    "latFeature_48": [
        0.03353299091672607,
        0.15618350359078145
    ],
    "latFeature_49": [
        0.020206665165348952,
        0.11187052985809609
    ],
    "latFeature_5": [
        0.025700023597276182,
        0.13585289212254578
    ],
    "latFeature_50": [
        0.09774979960265477,
        0.19238528156227333
    ],
    "latFeature_51": [
        0.04238862809570389,
        0.13000533014993695
    ],
    "latFeature_52": [
        0.02837388069544491,
        0.1297214044771078
    ],
    "latFeature_53": [
        0.01651099836711046,
        0.12089254339762835
    ],
    "latFeature_54": [
        0.025471454302923777,
        0.17479096331162966
    ],
    "latFeature_55": [
        0.10417695191291562,
        0.23869175126532255
    ],
    "latFeature_56": [
        0.0263304836957962,
        0.18835390737501223
    ],
    "latFeature_57": [
        0.047055295301566845,
        0.12801401294601128
    ],
    "latFeature_58": [
        0.07433035179422118,
        0.1255205087924041
    ],
    "latFeature_59": [
        0.040758558670632876,
        0.15476475531015
    ],
    "latFeature_6": [
        0.0472481222466526,
        0.11704206392304418
    ],
    "latFeature_60": [
        0.12717981302400444,
        0.21173178842404544
    ],
    "latFeature_61": [
        0.1656936071750278,
        0.21232478933610796
    ],
    "latFeature_62": [
        0.031679126801760785,
        0.1402349221037462
    ],
    "latFeature_63": [
        0.09568631991624485,
        0.16518603237099563
    ],
    "latFeature_64": [
        0.06817226055713474,
        0.2849567758908372
    ],
    "latFeature_65": [
        0.03766056965159698,
        0.1589553358523692
    ],
    "latFeature_66": [
        0.09350443283917934,
        0.24048463529158629
    ],
    "latFeature_67": [
        0.028936643902402265,
        0.13896153601382846
    ],
    "latFeature_68": [
        0.016758770379940748,
        0.11114801074354651
    ],
    "latFeature_69": [
        0.08212948521366502,
        0.14508348352892697
    ],
    "latFeature_7": [
        0.020714129081351826,
        0.1349823779691194
    ],
    "latFeature_70": [
        0.15567089427984376,
        0.23091309336745583
    ],
    "latFeature_71": [
        0.039273168062364784,
        0.13343422548077108
    ],
    "latFeature_72": [
        0.03543360466320496,
        0.12743007547838647
    ],
    "latFeature_73": [
        0.06415591055144049,
        0.19364568819589523
    ],
    "latFeature_74": [
        0.04816140984902592,
        0.11902609010393528
    ],
    "latFeature_75": [
        0.018682278550438806,
        0.09811635702883498
    ],
    "latFeature_76": [
        0.05176384692852571,
        0.16843970053163534
    ],
    "latFeature_77": [
        0.11509426704474116,
        0.17465630887685243
    ],
    "latFeature_78": [
        0.016625250972438763,
        0.11141405396223712
    ],
    "latFeature_79": [
        0.024165226731759706,
        0.17912749327199168
    ],
    "latFeature_8": [
        0.027974969310591655,
        0.1220525230941899
    ],
    "latFeature_80": [
        0.021336231310112072,
        0.10292952233450933
    ],
    "latFeature_81": [
        0.031117262588574793,
        0.13562327140204083
    ],
    "latFeature_82": [
        0.0455227200925089,
        0.13445957144510406
    ],
    "latFeature_83": [
        0.12604391026765135,
        0.24762618563145905
    ],
    "latFeature_84": [
        0.025650859728880867,
        0.11076036413218364
    ],
    "latFeature_85": [
        0.05127616286292938,
        0.1475813875866592
    ],
    "latFeature_86": [
        0.01598660829643053,
        0.11222048796143512
    ],
    "latFeature_87": [
        0.07086794531732477,
        0.12611246008359414
    ],
    "latFeature_9": [
        0.04120643681797103,
        0.13052977291884957
    ]
}