{
    "latFeature_0": 0.1146176015000029,
    "latFeature_1": 0.06204660888620541,
    "latFeature_10": 0.042401895065384,
    "latFeature_11": 0.01428224205679409,
    "latFeature_12": 0.018027201698562947,
    "latFeature_13": 0.02412218516368023,
    "latFeature_14": 0.03795178360040561,
    "latFeature_15": 0.03432648725531235,
    "latFeature_16": 0.011861294742723912,
    "latFeature_17": 0.013673412435852178,
    "latFeature_18": 0.09781744692151541,
    "latFeature_19": 0.0370219174805507,
    "latFeature_2": 0.016249822369770517,
    "latFeature_20": 0.021176834831857314,
    "latFeature_21": 0.07461847277225972,
    "latFeature_22": 0.01567068352112305,
    "latFeature_23": 0.04096309020657833,
    "latFeature_24": 0.022179473082831306,
    "latFeature_25": 0.023101398086544662,
    "latFeature_26": 0.01616386862886181,
    "latFeature_27": 0.01367325168451328,
    "latFeature_28": 0.01816798772116973,
    "latFeature_29": 0.02528060753718018,
    "latFeature_3": 0.045352630567059994,
    "latFeature_30": 0.02401853270035886,
    "latFeature_31": 0.026401446247645795,
    "latFeature_32": 0.015729068407410764,
    "latFeature_33": 0.02053508333670911,
    "latFeature_34": 0.04671057750240002,
    "latFeature_35": 0.019639955581190034,
    "latFeature_36": 0.37874086048262695,
    "latFeature_37": 0.016264820469689693,
    "latFeature_38": 0.023309554995283557,
    "latFeature_39": 0.019141562130070983,
    "latFeature_4": 0.017186150693449125,
    "latFeature_40": 0.010960894343288985,
    "latFeature_41": 0.04241327626017797,
    "latFeature_42": 0.017655850030574904,
    "latFeature_43": 0.02184154161820014,
    "latFeature_44": 0.023516699170587393,
    "latFeature_45": 0.06438714838055887,
    "latFeature_46": 0.05289861991760529,
    "latFeature_47": 0.02350528582552564,
    "latFeature_48": 0.01913477842356949,
    "latFeature_49": 0.014494851777620455,
    "latFeature_5": 0.017965666086032832,
    "latFeature_50": 0.04714709776317727,
    "latFeature_51": 0.019801687503255214,
    "latFeature_52": 0.02224964104226024,
    "latFeature_53": 0.01763228388429247,
    "latFeature_54": 0.015651827389070325,
    "latFeature_55": 0.04341425877236131,
    "latFeature_56": 0.020995266194572135,
    "latFeature_57": 0.02580505878033458,
    "latFeature_58": 0.04881908851418824,
    "latFeature_59": 0.024772729757066146,
    "latFeature_6": 0.03306195292300589,
    "latFeature_60": 0.06401561988609804,
    "latFeature_61": 0.07194498510478094,
    "latFeature_62": 0.017598927981471158,
    "latFeature_63": 0.05893652058227993,
    "latFeature_64": 0.017556457477734332,
    "latFeature_65": 0.027060237384717176,
    "latFeature_66": 0.03732829345735621,
    "latFeature_67": 0.01780031725884245,
    "latFeature_68": 0.01650700843687327,
    "latFeature_69": 0.04943762751599958,
    "latFeature_7": 0.01170279392257058,
    "latFeature_70": 0.06292048531472219,
    "latFeature_71": 0.016601723125751915,
    "latFeature_72": 0.012056414717878185,
    "latFeature_73": 0.028131162804454997,
    "latFeature_74": 0.03323508211499893,
    "latFeature_75": 0.01649406795409199,
    "latFeature_76": 0.01718803148411423,
    "latFeature_77": 0.04503747756715065,
    "latFeature_78": 0.015732186983385386,
    "latFeature_79": 0.01349169912236199,
    "latFeature_8": 0.02501593045768478,
    "latFeature_80": 0.020402109829172767,
    "latFeature_81": 0.011192858525318657,
    "latFeature_82": 0.025758215840179732,
    "latFeature_83": 0.04351193128587568,
    "latFeature_84": 0.017369921624077207,
    "latFeature_85": 0.024070246406082317,
    "latFeature_86": 0.009993155207989726,
    "latFeature_87": 0.05693394470282543,
    "latFeature_9": 0.026414547481765978
}