{
    "latFeature_0": 0.017166780157111927,
    "latFeature_1": 0.017629181383451743,
    "latFeature_10": 0.026882221352021642,
    "latFeature_11": 0.04426349202062504,
    "latFeature_12": 0.05985357482042468,
    "latFeature_13": 0.03538574212784618,
    "latFeature_14": 0.02969990297049184,
    "latFeature_15": 0.02881374513968327,
    "latFeature_16": 0.014360978062586283,
    "latFeature_17": 0.055023575791362765,
    "latFeature_18": 0.022311321330995365,
    "latFeature_19": 0.030047495590590775,
    "latFeature_2": 0.022361106020652048,
    "latFeature_20": 0.03057853763863999,
    "latFeature_21": 0.019729815579633964,
    "latFeature_22": 0.026819078226102546,
    "latFeature_23": 0.03067887862438006,
    "latFeature_24": 0.025150350727271207,
    "latFeature_25": 0.021831671485991806,
    "latFeature_26": 0.015146682381717558,
    "latFeature_27": 0.03394653539069327,
    "latFeature_28": 0.028760600747043622,
    "latFeature_29": 0.02017647924989567,
    "latFeature_3": 0.024131733793210763,
    "latFeature_30": 0.04383086194224912,
    "latFeature_31": 0.08608677871677993,
    "latFeature_32": 0.014307994421285535,
    "latFeature_33": 0.023933125514002406,
    "latFeature_34": 0.03501500131494595,
    "latFeature_35": 0.04873028947458104,
    "latFeature_36": 0.04701169691042356,
    "latFeature_37": 0.03317949430200804,
    "latFeature_38": 0.0302015918240583,
    "latFeature_39": 0.03661320720140278,
    "latFeature_4": 0.021363595737388896,
    "latFeature_40": 0.028209947035648858,
    "latFeature_41": 0.01772989209727128,
    "latFeature_42": 0.01777594735586553,
    "latFeature_43": 0.025186680529862133,
    "latFeature_44": 0.03490634948498486,
    "latFeature_45": 0.03543213496425212,
    "latFeature_46": 0.037780519123943784,
    "latFeature_47": 0.03693149485242063,
    "latFeature_48": 0.017213221218919533,
    "latFeature_49": 0.036934677728930804,
    "latFeature_5": 0.01922118226822711,
    "latFeature_50": 0.014674732525847207,
    "latFeature_51": 0.026745454112887306,
    "latFeature_52": 0.023244466778163796,
    "latFeature_53": 0.012635537491391766,
    "latFeature_54": 0.020969095876599557,
    "latFeature_55": 0.027845137947153962,
    "latFeature_56": 0.01775193110583418,
    "latFeature_57": 0.03935498203764539,
    "latFeature_58": 0.03367878796062493,
    "latFeature_59": 0.020607598265685957,
    "latFeature_6": 0.014013948072173493,
    "latFeature_7": 0.023802434675478414,
    "latFeature_8": 0.017849796520955225,
    "latFeature_9": 0.06561249153644201
}