{
    "latFeature_0": [
        0.018912441025088444,
        0.13952541056532258
    ],
    "latFeature_1": [
        0.018252056406127988,
        0.1111974683431
    ],
    "latFeature_10": [
        0.11346163392465985,
        0.25970080093698483
    ],
    "latFeature_11": [
        0.12368417320065098,
        0.27028684217567783
    ],
    "latFeature_12": [
        0.117813984448836,
        0.15693828595469209
    ],
    "latFeature_13": [
        0.04322276502310342,
        0.10193971756571445
    ],
    "latFeature_14": [
        0.052749711069878955,
        0.13611044500720107
    ],
    "latFeature_15": [
        0.0507102900645167,
        0.138100721003891
    ],
    "latFeature_16": [
        0.014251093257996917,
        0.18242386011946413
    ],
    "latFeature_17": [
        0.07719011948048776,
        0.15593236928150567
    ],
    "latFeature_18": [
        0.026176707925576043,
        0.11826859144736962
    ],
    "latFeature_19": [
        0.040088033330568554,
        0.1253412758700715
    ],
    "latFeature_2": [
        0.030827588129049937,
        0.13826200698142269
    ],
    "latFeature_20": [
        0.03501902507480891,
        0.1037601713606591
    ],
    "latFeature_21": [
        0.020197981860957018,
        0.17162801318513152
    ],
    "latFeature_22": [
        0.029513073746282027,
        0.09358343835975777
    ],
    "latFeature_23": [
        0.044909161923367684,
        0.11392961984640182
    ],
    "latFeature_24": [
        0.028336156086171353,
        0.1033960480414294
    ],
    "latFeature_25": [
        0.023715627560963435,
        0.09853149029515984
    ],
    "latFeature_26": [
        0.016082743874316047,
        0.12005321991685947
    ],
    "latFeature_27": [
        0.054397779665691245,
        0.19102416139618864
    ],
    "latFeature_28": [
        0.03213821457045651,
        0.10836038339162898
    ],
    "latFeature_29": [
        0.025213404113467605,
        0.12878088353887537
    ],
    "latFeature_3": [
        0.03829275006529903,
        0.1648940648887329
    ],
    "latFeature_30": [
        0.07900439915601397,
        0.14161693941799688
    ],
    "latFeature_31": [
        0.18431320639127108,
        0.20937317244579565
    ],
    "latFeature_32": [
        0.017432140741300516,
        0.11791733548152408
    ],
    "latFeature_33": [
        0.02617276524570376,
        0.09568935332608765
    ],
    "latFeature_34": [
        0.08449576118500295,
        0.20954263863612888
    ],
    "latFeature_35": [
        0.06546468868353955,
        0.1334128641811755
    ],
    "latFeature_36": [
        0.10762910114842544,
        0.22562959056334891
    ],
    "latFeature_37": [
        0.0715932004679172,
        0.1871119894999543
    ],
    "latFeature_38": [
        0.054845255068598435,
        0.1473602344550885
    ],
    "latFeature_39": [
        0.04585824004438372,
        0.10117031012074308
    ],
    "latFeature_4": [
        0.023400704380239733,
        0.10704022009739846
    ],
    "latFeature_40": [
        0.04058622669996029,
        0.28079407706435633
    ],
    "latFeature_41": [
        0.03604805682417825,
        0.13991727839984852
    ],
    "latFeature_42": [
        0.02104829463013339,
        0.10686521323821171
    ],
    "latFeature_43": [
        0.044749515671876176,
        0.15213589551775988
    ],
    "latFeature_44": [
        0.07304538280982552,
        0.15958666431895574
    ],
    "latFeature_45": [
        0.06833044316135249,
        0.13927415124953463
    ],
    "latFeature_46": [
        0.07339776493617647,
        0.2083988584843197
    ],
    "latFeature_47": [
        0.09218856295547026,
        0.16508477241997754
    ],
    "latFeature_48": [
        0.015718901304668256,
        0.11603384378590967
    ],
    "latFeature_49": [
        0.05106680432733905,
        0.11137322462115272
    ],
    "latFeature_5": [
        0.022273152823743623,
        0.11238142059957576
    ],
    "latFeature_50": [
        0.019817887449746024,
        0.11296469196671965
    ],
    "latFeature_51": [
        0.048536529251030004,
        0.1497198470765949
    ],
    "latFeature_52": [
        0.03553114138553277,
        0.10763789616322332
    ],
    "latFeature_53": [
        0.016554608017672112,
        0.09342707647165914
    ],
    "latFeature_54": [
        0.029079433839770807,
        0.12922703901946525
    ],
    "latFeature_55": [
        0.10046380296412076,
        0.23592058486197542
    ],
    "latFeature_56": [
        0.018984460139403848,
        0.11497003790964858
    ],
    "latFeature_57": [
        0.09534326813192093,
        0.21150092497069897
    ],
    "latFeature_58": [
        0.05688304279871236,
        0.13164046002806226
    ],
    "latFeature_59": [
        0.028657239383762585,
        0.1247508492058654
    ],
    "latFeature_6": [
        0.020941580131541848,
        0.19980154140753129
    ],
    "latFeature_7": [
        0.027344891490729304,
        0.08745156111425048
    ],
    "latFeature_8": [
        0.02131352272721815,
        0.11240361436651271
    ],
    "latFeature_9": [
        0.11077158103156831,
        0.1515880911804252
    ]
}